id_venda,data,loja,vendedor,produto,categoria,qtd,preco_unit,desconto,forma_pgto
1,2025-04-17,centro ,Eduardo,Meia,Acessórios,2,19.9,0.2,Dinheiro
2,2025-04-10,centro ,Carla,Tênis,Calçados,2,249.9,0.0,Cartão
3,2025-10-04,Centro,Diego,Calça,Roupas,5,129.9,0.0,Pix
4,2025-06-19,centro ,Diego,,Roupas,3,59.9,0.05,Dinheiro
5,2025-05-11,Centro,Carla,Meia,Acessórios,1,19.9,0.05,Dinheiro
6,2025-11-12,Shopping,Bruno,Calça,Roupas,2,129.9,0.15,Pix
7,2025-09-21,Bairro,Carla,Calça,Roupas,4,129.9,0.05,Cartão
8,2025-02-23,Shopping,Diego,Meia,Acessórios,2,19.9,0.0,Cartão
9,2025-09-27,Bairro,Diego,Meia,Acessórios,5,19.9,0.15,Pix
10,2025-10-07,Shopping,Ana,Calça,Roupas,4,129.9,0.05,Pix
11,2025-10-28,Centro,Ana,,Roupas,1,59.9,0.0,Dinheiro
12,2025-06-12,Bairro,Ana,Tênis,Calçados,2,249.9,0.0,Dinheiro
13,2025-05-15,Centro,Diego,Calça,Roupas,5,129.9,0.0,Dinheiro
14,2025-02-04,Centro,Carla,Meia,Acessórios,3,19.9,0.05,Pix
15,2025-09-12,Shopping,Carla,Boné,Acessórios,2,49.9,0.05,Cartão
16,2025-03-04,centro ,Ana,Meia,Acessórios,4,19.9,0.0,Cartão
17,2025-08-25,Bairro,Carla,Boné,Acessórios,5,49.9,0.0,Dinheiro
18,2025-10-11,Shopping,Bruno,Tênis,Calçados,1,249.9,0.05,Pix
19,2025-02-13,centro ,Carla,Meia,Acessórios,4,19.9,0.1,Pix
20,2025-10-10,Shopping,Ana,Camiseta,Roupas,1,59.9,0.0,Dinheiro
21,2025-06-14,Centro,Carla,Tênis,Calçados,3,249.9,0.0,Cartão
22,2025-11-14,Centro,Bruno,Camiseta,Roupas,2,59.9,0.0,Dinheiro
23,2025-03-22,Bairro,Ana,,Roupas,4,59.9,0.0,Cartão
24,2025-05-06,Shopping,Eduardo,Boné,Acessórios,4,49.9,0.0,Dinheiro
25,2025-09-12,Shopping,Eduardo,Tênis,Calçados,3,249.9,0.0,Dinheiro
26,2025-07-06,Shopping,Eduardo,Camiseta,Roupas,4,59.9,0.0,Dinheiro
27,2025-05-27,centro ,Diego,Meia,Acessórios,2,19.9,0.0,Pix
28,2025-05-31,Bairro,Bruno,Tênis,Calçados,4,249.9,0.0,Cartão
29,2025-01-02,Centro,Diego,Camiseta,Roupas,3,59.9,0.05,Dinheiro
30,2025-05-27,centro ,Carla,Camiseta,Roupas,1,59.9,0.0,Dinheiro
31,2025-04-14,centro ,Carla,Camiseta,Roupas,1,59.9,0.0,Dinheiro
32,2025-12-04,Shopping,Carla,Camiseta,Roupas,1,59.9,0.0,Pix
33,2025-10-04,centro ,Diego,Meia,Acessórios,3,19.9,0.0,Pix
34,2025-01-22,Shopping,Eduardo,Camiseta,Roupas,3,59.9,0.05,Dinheiro
35,2025-04-07,centro ,Ana,Calça,Roupas,5,129.9,0.0,Dinheiro
36,2025-02-18,centro ,Ana,,Acessórios,5,19.9,0.0,Cartão
37,2025-08-21,Centro,Eduardo,Boné,Acessórios,5,49.9,0.15,Dinheiro
38,2025-04-26,Bairro,Eduardo,Tênis,Calçados,1,249.9,0.2,Dinheiro
39,2025-08-11,Shopping,Bruno,Calça,Roupas,2,129.9,0.05,Dinheiro
40,2025-09-30,centro ,Ana,Calça,Roupas,5,129.9,0.0,Cartão
41,2025-01-13,centro ,Bruno,Calça,Roupas,4,129.9,0.1,Pix
42,2025-05-22,centro ,Carla,Meia,Acessórios,4,19.9,0.05,Cartão
43,2025-12-08,Bairro,Ana,Calça,Roupas,5,129.9,0.0,Cartão
44,2025-11-01,centro ,Bruno,Calça,Roupas,3,129.9,0.15,Pix
45,2025-03-01,centro ,Diego,Camiseta,Roupas,4,59.9,0.1,Cartão
46,2025-12-16,Bairro,Carla,Boné,Acessórios,4,49.9,0.0,Pix
47,2025-06-07,Bairro,Ana,Calça,Roupas,3,129.9,0.05,Cartão
48,2025-04-27,Shopping,Ana,Calça,Roupas,1,129.9,0.0,Cartão
49,2025-10-17,centro ,Ana,Calça,Roupas,5,129.9,0.0,Pix
50,2025-03-10,Shopping,Eduardo,Boné,Acessórios,4,49.9,0.1,Cartão
51,2025-07-04,Centro,Diego,Tênis,Calçados,1,249.9,0.1,Cartão
52,2025-08-06,Shopping,Eduardo,Meia,Acessórios,1,19.9,0.0,Cartão
53,2025-01-10,Shopping,Eduardo,Boné,Acessórios,4,49.9,0.0,Dinheiro
54,2025-04-06,Centro,Eduardo,Calça,Roupas,2,129.9,0.05,Pix
55,2025-12-06,centro ,Diego,Meia,Acessórios,4,19.9,0.05,Pix
56,2025-04-11,centro ,Carla,Camiseta,Roupas,2,59.9,0.1,Dinheiro
57,2025-01-12,Bairro,Bruno,Meia,Acessórios,2,19.9,0.0,Dinheiro
58,2025-04-03,Shopping,Bruno,Camiseta,Roupas,2,59.9,0.05,Dinheiro
59,2025-11-10,Centro,Bruno,Camiseta,Roupas,5,59.9,0.0,Pix
60,2025-06-13,Shopping,Eduardo,Boné,Acessórios,3,49.9,0.2,Pix
61,2025-04-06,centro ,Eduardo,Tênis,Calçados,5,249.9,0.0,Dinheiro
62,2025-10-13,Centro,Ana,Camiseta,Roupas,1,59.9,0.0,Cartão
63,2025-06-26,centro ,Diego,Boné,Acessórios,3,49.9,0.15,Pix
64,2025-02-21,Bairro,Bruno,Meia,Acessórios,5,19.9,0.2,Pix
65,2025-02-22,Bairro,Ana,Tênis,Calçados,5,249.9,0.05,Cartão
66,2025-08-11,Shopping,Eduardo,Calça,Roupas,5,129.9,0.0,Dinheiro
67,2025-03-17,Centro,Bruno,Tênis,Calçados,1,249.9,0.0,Pix
68,2025-10-10,Shopping,Bruno,Boné,Acessórios,5,49.9,0.0,Cartão
69,2025-12-31,Centro,Diego,Tênis,Calçados,1,249.9,0.05,Pix
70,2025-09-09,Bairro,Carla,Meia,Acessórios,3,19.9,0.0,Cartão
71,2025-05-06,Bairro,Eduardo,Calça,Roupas,4,129.9,0.0,Cartão
72,2025-11-13,Bairro,Ana,Calça,Roupas,3,129.9,0.1,Pix
73,2025-07-10,centro ,Ana,Meia,Acessórios,1,19.9,0.2,Cartão
74,2025-02-13,Centro,Eduardo,Boné,Acessórios,5,49.9,0.2,Cartão
75,2025-08-17,centro ,Carla,Boné,Acessórios,1,49.9,0.2,Cartão
76,2025-05-23,Bairro,Ana,Camiseta,Roupas,3,59.9,0.0,Dinheiro
77,2025-11-26,centro ,Diego,Camiseta,Roupas,5,59.9,0.15,Cartão
78,2025-05-16,Shopping,Diego,Meia,Acessórios,4,19.9,0.05,Pix
79,2025-05-25,Centro,Ana,Camiseta,Roupas,5,59.9,0.0,Pix
80,2025-09-10,Shopping,Bruno,Boné,Acessórios,5,49.9,0.15,Dinheiro
81,2025-11-08,Shopping,Bruno,Camiseta,Roupas,5,59.9,0.0,Dinheiro
82,2025-05-26,centro ,Ana,Camiseta,Roupas,2,59.9,0.1,Dinheiro
83,2025-10-10,Centro,Eduardo,Camiseta,Roupas,1,59.9,0.2,Dinheiro
84,2025-11-07,Shopping,Diego,Camiseta,Roupas,5,59.9,0.0,Cartão
85,2025-02-22,Centro,Bruno,Tênis,Calçados,1,249.9,0.05,Pix
86,2025-02-20,Centro,Eduardo,Camiseta,Roupas,1,59.9,0.0,Pix
87,2025-03-13,Bairro,Bruno,Calça,Roupas,3,129.9,0.0,Dinheiro
88,2025-02-23,centro ,Eduardo,Calça,Roupas,3,129.9,0.15,Pix
89,2025-10-30,Bairro,Eduardo,Camiseta,Roupas,2,59.9,0.0,Dinheiro
90,2025-07-11,centro ,Bruno,Tênis,Calçados,2,249.9,0.15,Cartão
91,2025-11-04,Centro,Ana,Tênis,Calçados,4,249.9,0.0,Cartão
92,2025-05-13,Centro,Diego,Calça,Roupas,1,129.9,0.15,Cartão
93,2025-03-10,Shopping,Eduardo,Camiseta,Roupas,3,59.9,0.0,Dinheiro
94,2025-09-06,Bairro,Carla,Tênis,Calçados,4,249.9,0.0,Pix
95,2025-06-04,Centro,Bruno,Tênis,Calçados,3,249.9,0.15,Dinheiro
96,2025-04-02,Shopping,Eduardo,Boné,Acessórios,1,49.9,0.0,Pix
97,2025-02-15,Shopping,Ana,Camiseta,Roupas,5,59.9,0.0,Dinheiro
98,2025-02-16,Centro,Carla,Camiseta,Roupas,5,59.9,0.0,Pix
99,2025-01-08,Centro,Carla,Calça,Roupas,2,129.9,0.15,Dinheiro
100,2025-01-14,Bairro,Carla,Calça,Roupas,3,129.9,0.1,Dinheiro
101,2025-10-21,Bairro,Carla,Meia,Acessórios,1,19.9,0.0,Dinheiro
102,2025-02-08,Centro,Ana,Boné,Acessórios,2,49.9,0.0,Cartão
103,2025-01-13,centro ,Ana,Meia,Acessórios,3,19.9,0.0,Pix
104,2025-08-16,Bairro,Bruno,Boné,Acessórios,1,49.9,0.0,Dinheiro
105,2025-01-06,centro ,Bruno,Calça,Roupas,3,129.9,0.0,Dinheiro
106,2025-10-16,Centro,Eduardo,Boné,Acessórios,4,49.9,0.0,Cartão
107,2025-12-16,Bairro,Ana,Tênis,Calçados,3,249.9,0.0,Dinheiro
108,2025-08-11,Shopping,Bruno,Boné,Acessórios,3,49.9,0.2,Dinheiro
109,2025-03-03,Centro,Bruno,Camiseta,Roupas,2,59.9,0.0,Dinheiro
110,2025-11-22,Shopping,Diego,Boné,Acessórios,1,49.9,0.1,Pix
111,2025-03-31,Shopping,Eduardo,Meia,Acessórios,4,19.9,0.0,Pix
112,2025-06-27,centro ,Bruno,Tênis,Calçados,2,249.9,0.05,Cartão
113,2025-03-25,Centro,Eduardo,Boné,Acessórios,1,49.9,0.05,Dinheiro
114,2025-11-01,Centro,Diego,Tênis,Calçados,5,249.9,0.0,Dinheiro
115,2025-02-04,Centro,Diego,Camiseta,Roupas,3,59.9,0.0,Pix
116,2025-10-13,Bairro,Eduardo,Boné,Acessórios,3,49.9,0.0,Dinheiro
117,2025-03-30,Centro,Bruno,Calça,Roupas,3,129.9,0.15,Pix
118,2025-05-23,Centro,Ana,Camiseta,Roupas,2,59.9,0.1,Cartão
119,2025-02-08,Bairro,Carla,Boné,Acessórios,2,49.9,0.15,Dinheiro
120,2025-08-19,Bairro,Diego,,Acessórios,1,49.9,0.0,Pix
121,2025-10-16,Shopping,Diego,Boné,Acessórios,2,49.9,0.0,Pix
122,2025-04-28,Shopping,Eduardo,Tênis,Calçados,4,249.9,0.1,Pix
123,2025-06-06,centro ,Eduardo,Meia,Acessórios,4,19.9,0.0,Pix
124,2025-04-25,Bairro,Diego,Calça,Roupas,3,129.9,0.0,Dinheiro
125,2025-09-11,Shopping,Bruno,Boné,Acessórios,4,49.9,0.1,Cartão
126,2025-07-29,Centro,Ana,Boné,Acessórios,4,49.9,0.0,Dinheiro
127,2025-11-20,Centro,Eduardo,Meia,Acessórios,2,19.9,0.0,Pix
128,2025-02-20,Centro,Ana,Meia,Acessórios,1,19.9,0.0,Cartão
129,2025-04-20,centro ,Ana,Boné,Acessórios,3,49.9,0.2,Dinheiro
130,2025-11-05,Centro,Bruno,Boné,Acessórios,5,49.9,0.0,Cartão
131,2025-09-01,Centro,Bruno,Camiseta,Roupas,2,59.9,0.0,Dinheiro
132,2025-12-13,Centro,Carla,Calça,Roupas,3,129.9,0.0,Dinheiro
133,2025-07-17,Centro,Ana,Camiseta,Roupas,3,59.9,0.0,Cartão
134,2025-02-18,Bairro,Ana,Calça,Roupas,1,129.9,0.0,Cartão
135,2025-12-26,Centro,Ana,Meia,Acessórios,3,19.9,0.05,Dinheiro
136,2025-06-07,Centro,Ana,Tênis,Calçados,3,249.9,0.0,Cartão
137,2025-06-24,Shopping,Bruno,Camiseta,Roupas,1,59.9,0.1,Cartão
138,2025-09-21,Centro,Carla,Tênis,Calçados,2,249.9,0.0,Dinheiro
139,2025-03-28,Bairro,Diego,Calça,Roupas,5,129.9,0.0,Pix
140,2025-09-12,Centro,Ana,Camiseta,Roupas,3,59.9,0.0,Dinheiro
141,2025-09-21,Shopping,Carla,Camiseta,Roupas,3,59.9,0.05,Pix
142,2025-11-07,centro ,Bruno,Boné,Acessórios,1,49.9,0.0,Dinheiro
143,2025-02-05,Centro,Diego,Boné,Acessórios,1,49.9,0.0,Dinheiro
144,2025-08-22,Bairro,Bruno,Boné,Acessórios,4,49.9,0.0,Pix
145,2025-08-10,Centro,Bruno,Boné,Acessórios,3,49.9,0.0,Cartão
146,2025-07-21,Shopping,Carla,Meia,Acessórios,1,19.9,0.0,Cartão
147,2025-01-09,centro ,Bruno,Tênis,Calçados,1,249.9,0.05,Cartão
148,2025-06-03,Shopping,Eduardo,Tênis,Calçados,5,249.9,0.0,Dinheiro
149,2025-02-11,centro ,Ana,Calça,Roupas,1,129.9,0.05,Pix
150,2025-03-17,Bairro,Eduardo,Camiseta,Roupas,5,59.9,0.0,Dinheiro
151,2025-08-07,centro ,Bruno,Camiseta,Roupas,1,59.9,0.0,Pix
152,2025-07-09,Shopping,Bruno,Calça,Roupas,3,129.9,0.15,Pix
153,2025-10-09,Centro,Eduardo,Tênis,Calçados,3,249.9,0.0,Pix
154,2025-08-15,Shopping,Bruno,Tênis,Calçados,5,249.9,0.0,Pix
155,2025-05-28,Bairro,Carla,Calça,Roupas,1,129.9,0.0,Cartão
156,2025-07-20,Shopping,Bruno,Tênis,Calçados,1,249.9,0.05,Pix
157,2025-04-14,Shopping,Ana,Camiseta,Roupas,3,59.9,0.0,Cartão
158,2025-04-12,Shopping,Diego,Boné,Acessórios,4,49.9,0.0,Dinheiro
159,2025-01-17,Shopping,Ana,Tênis,Calçados,4,249.9,0.2,Cartão
160,2025-05-29,Centro,Eduardo,Tênis,Calçados,1,249.9,0.1,Cartão
161,2025-02-28,Shopping,Ana,Camiseta,Roupas,2,59.9,0.05,Dinheiro
162,2025-03-27,Shopping,Eduardo,Camiseta,Roupas,3,59.9,0.0,Cartão
163,2025-03-23,Bairro,Diego,Tênis,Calçados,2,249.9,0.15,Dinheiro
164,2025-01-14,Bairro,Carla,Calça,Roupas,5,129.9,0.05,Cartão
165,2025-07-02,Bairro,Diego,Tênis,Calçados,1,249.9,0.05,Pix
166,2025-06-10,centro ,Eduardo,Camiseta,Roupas,2,59.9,0.1,Dinheiro
167,2025-09-08,Bairro,Eduardo,Tênis,Calçados,3,249.9,0.15,Dinheiro
168,2025-11-14,Centro,Diego,Meia,Acessórios,4,19.9,0.0,Dinheiro
169,2025-12-25,centro ,Eduardo,Camiseta,Roupas,1,59.9,0.1,Dinheiro
170,2025-06-07,Shopping,Diego,Boné,Acessórios,5,49.9,0.0,Pix
171,2025-03-14,Bairro,Ana,Camiseta,Roupas,4,59.9,0.15,Dinheiro
172,2025-07-17,Bairro,Carla,Calça,Roupas,2,129.9,0.1,Pix
173,2025-03-13,centro ,Eduardo,Meia,Acessórios,5,19.9,0.0,Dinheiro
174,2025-04-17,Shopping,Ana,Boné,Acessórios,1,49.9,0.0,Cartão
175,2025-01-05,Centro,Ana,Tênis,Calçados,4,249.9,0.1,Cartão
176,2025-06-27,Shopping,Ana,Camiseta,Roupas,3,59.9,0.0,Cartão
177,2025-03-30,Centro,Diego,Boné,Acessórios,2,49.9,0.0,Dinheiro
178,2025-05-03,centro ,Eduardo,Camiseta,Roupas,1,59.9,0.0,Cartão
179,2025-02-09,Centro,Eduardo,Meia,Acessórios,2,19.9,0.0,Dinheiro
180,2025-03-31,Shopping,Eduardo,Tênis,Calçados,5,249.9,0.1,Pix
181,2025-02-09,Centro,Eduardo,Boné,Acessórios,3,49.9,0.15,Cartão
182,2025-10-16,Shopping,Carla,Tênis,Calçados,4,249.9,0.15,Pix
183,2025-06-18,Centro,Carla,Tênis,Calçados,5,249.9,0.15,Cartão
184,2025-07-07,Bairro,Eduardo,Meia,Acessórios,2,19.9,0.05,Pix
185,2025-06-09,Bairro,Eduardo,Tênis,Calçados,2,249.9,0.15,Cartão
186,2025-10-22,Shopping,Eduardo,Boné,Acessórios,1,49.9,0.05,Pix
187,2025-12-20,centro ,Eduardo,Camiseta,Roupas,3,59.9,0.0,Cartão
188,2025-11-15,centro ,Diego,Calça,Roupas,5,129.9,0.0,Pix
189,2025-08-30,centro ,Carla,Meia,Acessórios,4,19.9,0.0,Cartão
190,2025-07-12,Shopping,Bruno,Camiseta,Roupas,2,59.9,0.05,Cartão
191,2025-09-08,Bairro,Diego,Boné,Acessórios,5,49.9,0.0,Dinheiro
192,2025-03-20,centro ,Carla,Camiseta,Roupas,2,59.9,0.0,Cartão
193,2025-04-09,Centro,Ana,Calça,Roupas,5,129.9,0.2,Pix
194,2025-05-10,Bairro,Diego,Tênis,Calçados,3,249.9,0.0,Dinheiro
195,2025-04-02,Centro,Eduardo,Camiseta,Roupas,5,59.9,0.2,Dinheiro
196,2025-09-14,Shopping,Diego,Meia,Acessórios,2,19.9,0.0,Pix
197,2025-10-08,centro ,Diego,Tênis,Calçados,4,249.9,0.0,Dinheiro
198,2025-05-25,Centro,Eduardo,Meia,Acessórios,3,19.9,0.0,Cartão
199,2025-12-15,centro ,Diego,Calça,Roupas,4,129.9,0.1,Cartão
200,2025-01-15,Centro,Ana,Tênis,Calçados,4,249.9,0.0,Pix
201,2025-08-02,Shopping,Eduardo,Camiseta,Roupas,3,59.9,0.0,Pix
202,2025-10-01,Shopping,Bruno,Camiseta,Roupas,3,59.9,0.0,Pix
203,2025-04-12,Centro,Carla,Camiseta,Roupas,1,59.9,0.15,Pix
204,2025-06-09,Bairro,Diego,Meia,Acessórios,2,19.9,0.2,Cartão
205,2025-08-13,Centro,Ana,Meia,Acessórios,1,19.9,0.0,Pix
206,2025-04-13,Shopping,Bruno,Meia,Acessórios,2,19.9,0.0,Dinheiro
207,2025-11-01,centro ,Carla,Calça,Roupas,3,129.9,0.0,Cartão
208,2025-12-25,Bairro,Ana,Camiseta,Roupas,2,59.9,0.15,Cartão
209,2025-09-08,Bairro,Carla,Meia,Acessórios,4,19.9,0.0,Cartão
210,2025-01-03,Bairro,Ana,Calça,Roupas,3,129.9,0.1,Cartão
211,2025-01-25,Centro,Carla,Meia,Acessórios,4,19.9,0.0,Pix
212,2025-07-02,centro ,Carla,Boné,Acessórios,2,49.9,0.1,Dinheiro
213,2025-12-27,Bairro,Carla,Boné,Acessórios,3,49.9,0.2,Dinheiro
214,2025-07-26,Centro,Diego,Boné,Acessórios,5,49.9,0.0,Dinheiro
215,2025-10-20,centro ,Diego,Calça,Roupas,4,129.9,0.1,Cartão
216,2025-04-15,centro ,Bruno,Camiseta,Roupas,4,59.9,0.05,Cartão
217,2025-10-22,Shopping,Carla,Calça,Roupas,5,129.9,0.1,Dinheiro
218,2025-01-21,Bairro,Ana,Boné,Acessórios,4,49.9,0.0,Cartão
219,2025-11-30,Shopping,Eduardo,Calça,Roupas,5,129.9,0.0,Pix
220,2025-01-14,centro ,Ana,Meia,Acessórios,1,19.9,0.0,Dinheiro
221,2025-03-07,Bairro,Eduardo,Camiseta,Roupas,1,59.9,0.2,Pix
222,2025-04-28,Shopping,Bruno,Tênis,Calçados,4,249.9,0.15,Cartão
223,2025-10-03,centro ,Carla,Camiseta,Roupas,1,59.9,0.0,Cartão
224,2025-04-17,Centro,Eduardo,Meia,Acessórios,1,19.9,0.0,Pix
225,2025-07-26,Shopping,Diego,Meia,Acessórios,4,19.9,0.0,Cartão
226,2025-10-20,centro ,Bruno,Calça,Roupas,3,129.9,0.0,Cartão
227,2025-11-21,Centro,Ana,Boné,Acessórios,4,49.9,0.15,Cartão
228,2025-08-04,Bairro,Carla,Meia,Acessórios,1,19.9,0.2,Cartão
229,2025-08-11,centro ,Carla,Boné,Acessórios,4,49.9,0.15,Cartão
230,2025-05-06,Centro,Diego,Meia,Acessórios,2,19.9,0.0,Dinheiro
231,2025-09-21,Centro,Eduardo,Calça,Roupas,2,129.9,0.0,Pix
232,2025-04-24,Shopping,Ana,Calça,Roupas,1,129.9,0.0,Dinheiro
233,2025-10-16,Centro,Carla,Camiseta,Roupas,5,59.9,0.05,Pix
234,2025-08-08,Shopping,Bruno,Camiseta,Roupas,1,59.9,0.0,Pix
235,2025-09-26,Centro,Eduardo,Camiseta,Roupas,1,59.9,0.2,Dinheiro
236,2025-04-12,Shopping,Diego,Meia,Acessórios,2,19.9,0.05,Cartão
237,2025-12-05,Centro,Carla,Boné,Acessórios,1,49.9,0.1,Pix
238,2025-07-18,Bairro,Eduardo,Camiseta,Roupas,5,59.9,0.0,Pix
239,2025-10-18,centro ,Bruno,Camiseta,Roupas,2,59.9,0.0,Cartão
240,2025-10-09,centro ,Bruno,Camiseta,Roupas,5,59.9,0.0,Pix
241,2025-05-13,Shopping,Eduardo,Calça,Roupas,4,129.9,0.0,Dinheiro
242,2025-11-22,Shopping,Bruno,Tênis,Calçados,3,249.9,0.1,Pix
243,2025-12-02,Bairro,Eduardo,Boné,Acessórios,1,49.9,0.0,Dinheiro
244,2025-10-04,Centro,Carla,Tênis,Calçados,5,249.9,0.0,Pix
245,2025-06-06,Bairro,Diego,Meia,Acessórios,2,19.9,0.05,Cartão
246,2025-03-18,centro ,Bruno,Calça,Roupas,3,129.9,0.0,Dinheiro
247,2025-06-08,Bairro,Ana,Meia,Acessórios,2,19.9,0.0,Cartão
248,2025-06-22,Shopping,Carla,Camiseta,Roupas,5,59.9,0.0,Cartão
249,2025-01-09,Bairro,Bruno,Meia,Acessórios,1,19.9,0.0,Pix
250,2025-07-27,Centro,Bruno,Calça,Roupas,4,129.9,0.15,Cartão
251,2025-06-16,Shopping,Ana,Tênis,Calçados,4,249.9,0.15,Cartão
252,2025-03-10,Bairro,Ana,Camiseta,Roupas,2,59.9,0.0,Pix
253,2025-10-20,Bairro,Carla,Boné,Acessórios,3,49.9,0.0,Cartão
254,2025-09-11,Centro,Bruno,Camiseta,Roupas,5,59.9,0.0,Cartão
255,2025-05-05,Bairro,Ana,Tênis,Calçados,4,249.9,0.0,Cartão
256,2025-04-12,Shopping,Eduardo,Tênis,Calçados,5,249.9,0.05,Pix
257,2025-05-16,Centro,Carla,Meia,Acessórios,4,19.9,0.0,Pix
258,2025-01-05,centro ,Carla,Camiseta,Roupas,2,59.9,0.1,Dinheiro
259,2025-09-16,Shopping,Bruno,,Acessórios,2,19.9,0.0,Cartão
260,2025-10-13,centro ,Diego,Camiseta,Roupas,5,59.9,0.2,Pix
261,2025-11-07,centro ,Bruno,Boné,Acessórios,1,49.9,0.05,Dinheiro
262,2025-05-16,centro ,Carla,Meia,Acessórios,5,19.9,0.0,Dinheiro
263,2025-04-28,Centro,Diego,Meia,Acessórios,4,19.9,0.2,Pix
264,2025-03-25,Shopping,Bruno,Camiseta,Roupas,1,59.9,0.05,Pix
265,2025-08-14,Centro,Diego,Meia,Acessórios,2,19.9,0.1,Pix
266,2025-09-15,Bairro,Ana,Calça,Roupas,3,129.9,0.0,Dinheiro
267,2025-06-03,centro ,Bruno,Meia,Acessórios,3,19.9,0.0,Cartão
268,2025-11-12,Centro,Diego,Tênis,Calçados,1,249.9,0.05,Cartão
269,2025-06-07,centro ,Bruno,Calça,Roupas,3,129.9,0.05,Dinheiro
270,2025-06-12,Shopping,Carla,Meia,Acessórios,2,19.9,0.1,Cartão
271,2025-09-23,Centro,Bruno,Meia,Acessórios,1,19.9,0.05,Dinheiro
272,2025-11-06,Shopping,Eduardo,Camiseta,Roupas,3,59.9,0.05,Pix
273,2025-01-25,Bairro,Diego,Camiseta,Roupas,4,59.9,0.05,Pix
274,2025-11-12,Bairro,Eduardo,Meia,Acessórios,2,19.9,0.0,Dinheiro
275,2025-01-05,Bairro,Bruno,Tênis,Calçados,2,249.9,0.0,Cartão
276,2025-02-25,Bairro,Ana,Tênis,Calçados,1,249.9,0.1,Dinheiro
277,2025-07-09,Shopping,Carla,Boné,Acessórios,4,49.9,0.0,Pix
278,2025-02-09,Centro,Eduardo,Meia,Acessórios,4,19.9,0.05,Pix
279,2025-08-19,Shopping,Eduardo,Meia,Acessórios,5,19.9,0.05,Dinheiro
280,2025-01-14,Bairro,Eduardo,Tênis,Calçados,5,249.9,0.0,Cartão
281,2025-09-03,Shopping,Eduardo,Calça,Roupas,2,129.9,0.0,Dinheiro
282,2025-08-01,Shopping,Bruno,Boné,Acessórios,5,49.9,0.0,Cartão
283,2025-06-13,Centro,Carla,Boné,Acessórios,3,49.9,0.2,Dinheiro
284,2025-07-02,Centro,Bruno,Boné,Acessórios,2,49.9,0.1,Cartão
285,2025-02-11,Centro,Bruno,Tênis,Calçados,1,249.9,0.0,Pix
286,2025-05-10,centro ,Eduardo,Camiseta,Roupas,2,59.9,0.15,Cartão
287,2025-10-11,Bairro,Bruno,Meia,Acessórios,1,19.9,0.1,Dinheiro
288,2025-12-10,Centro,Carla,Camiseta,Roupas,4,59.9,0.0,Pix
289,2025-07-19,Centro,Carla,Boné,Acessórios,3,49.9,0.0,Dinheiro
290,2025-10-04,centro ,Bruno,Camiseta,Roupas,4,59.9,0.2,Dinheiro
291,2025-01-28,Bairro,Carla,Meia,Acessórios,5,19.9,0.1,Cartão
292,2025-08-08,Centro,Ana,,Roupas,2,129.9,0.0,Dinheiro
293,2025-11-20,Shopping,Ana,Camiseta,Roupas,2,59.9,0.0,Dinheiro
294,2025-06-13,centro ,Carla,,Roupas,5,129.9,0.0,Pix
295,2025-01-10,Bairro,Ana,Meia,Acessórios,1,19.9,0.0,Pix
296,2025-04-24,Shopping,Diego,Tênis,Calçados,5,249.9,0.05,Dinheiro
297,2025-05-02,centro ,Ana,Camiseta,Roupas,2,59.9,0.05,Pix
298,2025-05-06,centro ,Diego,Boné,Acessórios,3,49.9,0.0,Pix
299,2025-09-15,Centro,Eduardo,Meia,Acessórios,3,19.9,0.0,Cartão
300,2025-02-13,Centro,Carla,Tênis,Calçados,1,249.9,0.0,Dinheiro
301,2025-01-30,Bairro,Diego,Tênis,Calçados,5,249.9,0.0,Dinheiro
302,2025-03-13,Centro,Diego,Calça,Roupas,1,129.9,0.05,Dinheiro
303,2025-01-10,Centro,Carla,Calça,Roupas,1,129.9,0.05,Pix
304,2025-03-27,Shopping,Bruno,Camiseta,Roupas,4,59.9,0.05,Pix
305,2025-01-20,Bairro,Carla,Camiseta,Roupas,3,59.9,0.2,Pix
306,2025-05-12,centro ,Bruno,Calça,Roupas,3,129.9,0.0,Cartão
307,2025-11-06,centro ,Eduardo,Boné,Acessórios,4,49.9,0.05,Pix
308,2025-04-29,Bairro,Diego,Boné,Acessórios,3,49.9,0.0,Pix
309,2025-09-11,centro ,Bruno,Calça,Roupas,3,129.9,0.05,Dinheiro
310,2025-11-01,Bairro,Carla,Meia,Acessórios,5,19.9,0.1,Cartão
311,2025-12-22,centro ,Carla,Calça,Roupas,4,129.9,0.1,Cartão
312,2025-05-26,Bairro,Diego,Camiseta,Roupas,4,59.9,0.0,Dinheiro
313,2025-04-28,Centro,Ana,Tênis,Calçados,4,249.9,0.1,Dinheiro
314,2025-02-16,Shopping,Diego,Tênis,Calçados,1,249.9,0.05,Cartão
315,2025-03-02,Shopping,Bruno,Boné,Acessórios,3,49.9,0.0,Pix
316,2025-12-31,Bairro,Eduardo,Boné,Acessórios,3,49.9,0.05,Cartão
317,2025-12-15,centro ,Eduardo,Calça,Roupas,5,129.9,0.15,Cartão
318,2025-03-31,centro ,Bruno,Boné,Acessórios,1,49.9,0.1,Cartão
319,2025-11-12,centro ,Diego,Camiseta,Roupas,4,59.9,0.0,Pix
320,2025-12-30,Shopping,Diego,Meia,Acessórios,4,19.9,0.0,Cartão
321,2025-07-01,Bairro,Bruno,Calça,Roupas,4,129.9,0.0,Pix
322,2025-04-17,centro ,Bruno,Boné,Acessórios,1,49.9,0.15,Pix
323,2025-01-07,Shopping,Bruno,Meia,Acessórios,3,19.9,0.0,Dinheiro
324,2025-05-22,Centro,Eduardo,,Acessórios,2,49.9,0.0,Pix
325,2025-11-01,Bairro,Carla,,Calçados,4,249.9,0.1,Pix
326,2025-06-27,Centro,Diego,Boné,Acessórios,1,49.9,0.0,Dinheiro
327,2025-03-02,Centro,Bruno,Camiseta,Roupas,3,59.9,0.05,Pix
328,2025-07-17,Shopping,Ana,Camiseta,Roupas,5,59.9,0.05,Cartão
329,2025-04-08,centro ,Carla,Camiseta,Roupas,4,59.9,0.05,Dinheiro
330,2025-04-09,centro ,Carla,Meia,Acessórios,5,19.9,0.0,Cartão
331,2025-08-02,Bairro,Eduardo,Meia,Acessórios,4,19.9,0.1,Cartão
332,2025-06-17,Shopping,Diego,Tênis,Calçados,2,249.9,0.15,Pix
333,2025-04-07,Shopping,Diego,Tênis,Calçados,4,249.9,0.15,Dinheiro
334,2025-07-16,Bairro,Carla,Camiseta,Roupas,2,59.9,0.0,Pix
335,2025-03-13,Bairro,Ana,Meia,Acessórios,2,19.9,0.0,Cartão
336,2025-09-25,Shopping,Carla,Meia,Acessórios,3,19.9,0.05,Cartão
337,2025-08-08,Centro,Eduardo,Tênis,Calçados,3,249.9,0.2,Pix
338,2025-09-03,Bairro,Ana,Meia,Acessórios,1,19.9,0.1,Dinheiro
339,2025-01-21,Shopping,Eduardo,Boné,Acessórios,4,49.9,0.2,Cartão
340,2025-09-04,centro ,Carla,Calça,Roupas,3,129.9,0.0,Pix
341,2025-06-03,Shopping,Eduardo,,Acessórios,4,19.9,0.1,Pix
342,2025-05-14,Bairro,Diego,Camiseta,Roupas,3,59.9,0.1,Cartão
343,2025-08-01,centro ,Bruno,Meia,Acessórios,4,19.9,0.0,Cartão
344,2025-06-05,centro ,Bruno,Calça,Roupas,5,129.9,0.0,Dinheiro
345,2025-11-03,Bairro,Bruno,Meia,Acessórios,1,19.9,0.15,Dinheiro
346,2025-05-19,Shopping,Carla,Camiseta,Roupas,4,59.9,0.1,Pix
347,2025-09-05,centro ,Ana,Calça,Roupas,1,129.9,0.0,Dinheiro
348,2025-10-30,Shopping,Eduardo,Tênis,Calçados,5,249.9,0.05,Pix
349,2025-02-08,Centro,Carla,Meia,Acessórios,2,19.9,0.15,Dinheiro
350,2025-08-07,Bairro,Carla,Camiseta,Roupas,4,59.9,0.15,Pix
351,2025-11-30,Bairro,Diego,Tênis,Calçados,2,249.9,0.0,Cartão
352,2025-10-02,Centro,Diego,Camiseta,Roupas,1,59.9,0.0,Dinheiro
353,2025-10-02,Bairro,Diego,Meia,Acessórios,5,19.9,0.1,Pix
354,2025-10-13,Centro,Ana,Meia,Acessórios,1,19.9,0.0,Cartão
355,2025-11-30,Shopping,Ana,Tênis,Calçados,4,249.9,0.0,Cartão
356,2025-03-27,Centro,Eduardo,Camiseta,Roupas,4,59.9,0.0,Dinheiro
357,2025-02-19,Centro,Eduardo,Tênis,Calçados,4,249.9,0.2,Pix
358,2025-07-20,Centro,Ana,Tênis,Calçados,1,249.9,0.0,Cartão
359,2025-12-09,Bairro,Diego,Camiseta,Roupas,1,59.9,0.0,Dinheiro
360,2025-08-20,Centro,Carla,Calça,Roupas,1,129.9,0.0,Pix
361,2025-12-14,centro ,Diego,Tênis,Calçados,5,249.9,0.0,Dinheiro
362,2025-06-11,Bairro,Ana,Meia,Acessórios,1,19.9,0.2,Cartão
363,2025-09-19,Shopping,Carla,Camiseta,Roupas,4,59.9,0.0,Cartão
364,2025-04-19,Centro,Carla,Camiseta,Roupas,3,59.9,0.0,Pix
365,2025-05-21,Centro,Ana,Meia,Acessórios,3,19.9,0.0,Pix
366,2025-09-02,Centro,Bruno,Calça,Roupas,1,129.9,0.0,Pix
367,2025-01-17,centro ,Eduardo,Boné,Acessórios,1,49.9,0.0,Dinheiro
368,2025-05-27,Bairro,Eduardo,Boné,Acessórios,5,49.9,0.05,Pix
369,2025-03-13,centro ,Eduardo,Meia,Acessórios,4,19.9,0.1,Pix
370,2025-04-13,centro ,Bruno,Camiseta,Roupas,1,59.9,0.1,Dinheiro
371,2025-06-26,Bairro,Diego,Boné,Acessórios,2,49.9,0.1,Cartão
372,2025-03-23,Centro,Carla,Camiseta,Roupas,4,59.9,0.0,Pix
373,2025-08-31,Bairro,Ana,Camiseta,Roupas,5,59.9,0.0,Pix
374,2025-11-27,Centro,Bruno,Calça,Roupas,3,129.9,0.0,Cartão
375,2025-01-28,Bairro,Diego,Camiseta,Roupas,5,59.9,0.05,Cartão
376,2025-12-16,centro ,Bruno,Boné,Acessórios,4,49.9,0.0,Dinheiro
377,2025-10-28,Bairro,Bruno,Tênis,Calçados,1,249.9,0.0,Dinheiro
378,2025-10-21,centro ,Eduardo,Camiseta,Roupas,2,59.9,0.1,Dinheiro
379,2025-05-02,Shopping,Diego,Boné,Acessórios,3,49.9,0.0,Dinheiro
380,2025-02-10,Bairro,Carla,Meia,Acessórios,2,19.9,0.05,Dinheiro
381,2025-06-16,Shopping,Diego,Camiseta,Roupas,4,59.9,0.0,Pix
382,2025-05-28,Bairro,Eduardo,Camiseta,Roupas,2,59.9,0.0,Dinheiro
383,2025-05-06,Bairro,Ana,Tênis,Calçados,5,249.9,0.0,Cartão
384,2025-11-17,Bairro,Diego,Meia,Acessórios,2,19.9,0.05,Pix
385,2025-02-14,centro ,Bruno,Tênis,Calçados,3,249.9,0.05,Dinheiro
386,2025-09-19,Bairro,Eduardo,Calça,Roupas,2,129.9,0.0,Pix
387,2025-06-19,centro ,Eduardo,Calça,Roupas,4,129.9,0.0,Cartão
388,2025-10-12,Centro,Carla,Meia,Acessórios,4,19.9,0.05,Pix
389,2025-10-05,centro ,Eduardo,Boné,Acessórios,1,49.9,0.2,Pix
390,2025-11-05,Bairro,Carla,Calça,Roupas,2,129.9,0.0,Pix
391,2025-12-07,Shopping,Diego,Tênis,Calçados,3,249.9,0.0,Dinheiro
392,2025-04-02,Bairro,Eduardo,Meia,Acessórios,2,19.9,0.0,Dinheiro
393,2025-09-30,Bairro,Diego,Meia,Acessórios,1,19.9,0.0,Cartão
394,2025-12-07,centro ,Diego,Tênis,Calçados,5,249.9,0.0,Cartão
395,2025-04-01,Centro,Bruno,Tênis,Calçados,5,249.9,0.0,Dinheiro
396,2025-09-03,Bairro,Diego,Meia,Acessórios,4,19.9,0.0,Pix
397,2025-01-17,Bairro,Carla,Calça,Roupas,4,129.9,0.15,Cartão
398,2025-03-16,Centro,Carla,Calça,Roupas,1,129.9,0.0,Dinheiro
399,2025-08-07,Shopping,Diego,Calça,Roupas,4,129.9,0.1,Dinheiro
400,2025-11-25,centro ,Diego,Boné,Acessórios,1,49.9,0.0,Pix
401,2025-05-27,Bairro,Carla,Camiseta,Roupas,5,59.9,0.15,Dinheiro
402,2025-07-27,Shopping,Eduardo,Boné,Acessórios,3,49.9,0.15,Cartão
403,2025-05-06,Centro,Diego,Calça,Roupas,3,129.9,0.0,Cartão
404,2025-06-12,Bairro,Bruno,Camiseta,Roupas,1,59.9,0.1,Dinheiro
405,2025-01-25,Centro,Ana,Tênis,Calçados,5,249.9,0.1,Pix
406,2025-05-07,Centro,Diego,Meia,Acessórios,1,19.9,0.05,Cartão
407,2025-12-24,Bairro,Carla,Meia,Acessórios,4,19.9,0.0,Pix
408,2025-02-14,Centro,Carla,Boné,Acessórios,2,49.9,0.05,Pix
409,2025-05-24,Shopping,Diego,Calça,Roupas,2,129.9,0.1,Pix
410,2025-08-03,Shopping,Carla,Meia,Acessórios,5,19.9,0.15,Dinheiro
411,2025-06-07,Centro,Eduardo,Camiseta,Roupas,5,59.9,0.05,Dinheiro
412,2025-01-31,Centro,Bruno,Camiseta,Roupas,4,59.9,0.1,Cartão
413,2025-02-22,centro ,Diego,Calça,Roupas,2,129.9,0.1,Dinheiro
414,2025-12-20,Bairro,Carla,Calça,Roupas,1,129.9,0.0,Dinheiro
415,2025-12-15,Shopping,Bruno,Camiseta,Roupas,1,59.9,0.0,Dinheiro
416,2025-11-21,centro ,Ana,Calça,Roupas,4,129.9,0.0,Dinheiro
417,2025-05-27,Centro,Carla,Camiseta,Roupas,4,59.9,0.0,Cartão
418,2025-06-26,Shopping,Diego,Tênis,Calçados,1,249.9,0.0,Cartão
419,2025-11-12,Bairro,Ana,Calça,Roupas,2,129.9,0.05,Dinheiro
420,2025-01-13,Centro,Ana,Boné,Acessórios,3,49.9,0.1,Pix
421,2025-04-04,Centro,Eduardo,Meia,Acessórios,3,19.9,0.1,Pix
422,2025-10-31,Bairro,Diego,Calça,Roupas,3,129.9,0.0,Dinheiro
423,2025-08-15,centro ,Ana,Calça,Roupas,1,129.9,0.05,Pix
424,2025-04-10,Bairro,Bruno,Calça,Roupas,1,129.9,0.05,Cartão
425,2025-04-10,Centro,Eduardo,Tênis,Calçados,1,249.9,0.1,Dinheiro
426,2025-01-28,Shopping,Diego,Meia,Acessórios,4,19.9,0.1,Cartão
427,2025-09-09,Bairro,Carla,Camiseta,Roupas,1,59.9,0.15,Cartão
428,2025-10-30,Centro,Bruno,Calça,Roupas,5,129.9,0.05,Cartão
429,2025-12-22,Shopping,Bruno,Calça,Roupas,3,129.9,0.0,Dinheiro
430,2025-01-24,Centro,Carla,Camiseta,Roupas,2,59.9,0.15,Cartão
431,2025-06-05,centro ,Ana,Camiseta,Roupas,2,59.9,0.0,Dinheiro
432,2025-06-24,Shopping,Ana,Boné,Acessórios,5,49.9,0.0,Pix
433,2025-01-07,centro ,Ana,Camiseta,Roupas,3,59.9,0.1,Pix
434,2025-08-16,Bairro,Carla,Meia,Acessórios,3,19.9,0.05,Pix
435,2025-02-14,Shopping,Carla,Camiseta,Roupas,3,59.9,0.0,Pix
436,2025-08-14,centro ,Eduardo,Camiseta,Roupas,4,59.9,0.15,Cartão
437,2025-04-29,Centro,Diego,Meia,Acessórios,4,19.9,0.2,Cartão
438,2025-03-31,centro ,Bruno,Camiseta,Roupas,1,59.9,0.0,Cartão
439,2025-09-24,Centro,Eduardo,Tênis,Calçados,4,249.9,0.05,Dinheiro
440,2025-11-17,Centro,Diego,Meia,Acessórios,4,19.9,0.05,Pix
441,2025-10-09,Centro,Bruno,Camiseta,Roupas,4,59.9,0.05,Pix
442,2025-06-10,Shopping,Carla,Tênis,Calçados,5,249.9,0.0,Cartão
443,2025-10-21,Shopping,Bruno,Boné,Acessórios,5,49.9,0.2,Dinheiro
444,2025-04-03,centro ,Diego,Tênis,Calçados,4,249.9,0.0,Pix
445,2025-11-29,Shopping,Carla,Camiseta,Roupas,4,59.9,0.2,Cartão
446,2025-12-21,centro ,Carla,,Roupas,1,59.9,0.0,Dinheiro
447,2025-01-19,Bairro,Bruno,,Acessórios,4,49.9,0.0,Dinheiro
448,2025-12-20,Centro,Carla,Boné,Acessórios,2,49.9,0.15,Cartão
449,2025-12-18,centro ,Ana,Boné,Acessórios,1,49.9,0.15,Dinheiro
450,2025-12-08,Centro,Diego,Meia,Acessórios,2,19.9,0.05,Pix
451,2025-09-12,Bairro,Eduardo,Meia,Acessórios,4,19.9,0.15,Cartão
452,2025-06-04,Centro,Eduardo,Tênis,Calçados,5,249.9,0.0,Pix
453,2025-09-05,Bairro,Carla,Calça,Roupas,1,129.9,0.15,Pix
454,2025-11-19,centro ,Diego,Boné,Acessórios,3,49.9,0.0,Dinheiro
455,2025-12-12,Shopping,Ana,Camiseta,Roupas,4,59.9,0.0,Pix
456,2025-03-23,centro ,Ana,Meia,Acessórios,2,19.9,0.05,Cartão
457,2025-12-09,Shopping,Carla,Boné,Acessórios,1,49.9,0.2,Pix
458,2025-10-05,Shopping,Eduardo,Calça,Roupas,4,129.9,0.2,Pix
459,2025-05-29,Bairro,Diego,Tênis,Calçados,3,249.9,0.05,Pix
460,2025-11-23,Shopping,Eduardo,Meia,Acessórios,4,19.9,0.0,Dinheiro
461,2025-08-30,centro ,Eduardo,Calça,Roupas,1,129.9,0.15,Dinheiro
462,2025-11-20,Shopping,Carla,Meia,Acessórios,3,19.9,0.05,Dinheiro
463,2025-07-08,centro ,Bruno,Tênis,Calçados,2,249.9,0.1,Dinheiro
464,2025-06-30,centro ,Diego,Calça,Roupas,5,129.9,0.15,Dinheiro
465,2025-11-09,Centro,Ana,Boné,Acessórios,5,49.9,0.1,Pix
466,2025-04-13,Shopping,Eduardo,Calça,Roupas,3,129.9,0.0,Dinheiro
467,2025-02-07,Bairro,Diego,Meia,Acessórios,5,19.9,0.2,Pix
468,2025-07-09,Centro,Ana,Calça,Roupas,3,129.9,0.0,Cartão
469,2025-02-16,Shopping,Diego,,Roupas,5,59.9,0.0,Cartão
470,2025-09-29,Bairro,Bruno,Boné,Acessórios,3,49.9,0.0,Cartão
471,2025-01-10,Shopping,Ana,Camiseta,Roupas,4,59.9,0.0,Dinheiro
472,2025-12-23,Shopping,Ana,Camiseta,Roupas,1,59.9,0.0,Dinheiro
473,2025-03-29,Shopping,Carla,Meia,Acessórios,2,19.9,0.2,Dinheiro
474,2025-03-22,Shopping,Carla,Boné,Acessórios,1,49.9,0.15,Pix
475,2025-01-03,Centro,Ana,Meia,Acessórios,5,19.9,0.2,Dinheiro
476,2025-09-28,centro ,Diego,Camiseta,Roupas,3,59.9,0.0,Dinheiro
477,2025-03-19,Shopping,Ana,,Acessórios,5,19.9,0.0,Dinheiro
478,2025-12-05,Shopping,Ana,Meia,Acessórios,3,19.9,0.05,Pix
479,2025-12-02,Shopping,Eduardo,Camiseta,Roupas,3,59.9,0.0,Dinheiro
480,2025-02-12,Shopping,Ana,Meia,Acessórios,4,19.9,0.0,Dinheiro
481,2025-11-09,Centro,Carla,Calça,Roupas,3,129.9,0.15,Dinheiro
482,2025-11-24,centro ,Ana,Calça,Roupas,5,129.9,0.0,Dinheiro
483,2025-04-07,Centro,Ana,Boné,Acessórios,5,49.9,0.0,Cartão
484,2025-02-19,centro ,Ana,Tênis,Calçados,5,249.9,0.0,Dinheiro
485,2025-06-16,centro ,Ana,Calça,Roupas,3,129.9,0.0,Cartão
486,2025-01-29,centro ,Bruno,Boné,Acessórios,1,49.9,0.0,Pix
487,2025-07-21,Centro,Bruno,,Roupas,5,129.9,0.0,Cartão
488,2025-08-07,Centro,Diego,Camiseta,Roupas,3,59.9,0.1,Cartão
489,2025-07-27,Shopping,Diego,Calça,Roupas,2,129.9,0.0,Dinheiro
490,2025-08-18,centro ,Carla,Tênis,Calçados,4,249.9,0.0,Dinheiro
491,2025-11-18,Shopping,Eduardo,Meia,Acessórios,3,19.9,0.0,Cartão
492,2025-12-18,centro ,Ana,Tênis,Calçados,3,249.9,0.05,Cartão
493,2025-03-24,Shopping,Ana,Boné,Acessórios,3,49.9,0.0,Cartão
494,2025-09-05,Shopping,Diego,Tênis,Calçados,1,249.9,0.15,Pix
495,2025-10-28,centro ,Ana,Meia,Acessórios,3,19.9,0.05,Pix
496,2025-08-25,Shopping,Bruno,Calça,Roupas,1,129.9,0.0,Cartão
497,2025-06-27,Bairro,Diego,Calça,Roupas,1,129.9,0.1,Dinheiro
498,2025-03-14,Bairro,Bruno,,Acessórios,4,19.9,0.0,Pix
499,2025-06-19,Shopping,Diego,Tênis,Calçados,1,249.9,0.05,Pix
500,2025-03-04,Centro,Ana,Meia,Acessórios,3,19.9,0.0,Cartão
501,2025-11-14,Shopping,Ana,Tênis,Calçados,2,249.9,0.0,Cartão
502,2025-05-07,Bairro,Diego,Calça,Roupas,5,129.9,0.15,Cartão
503,2025-11-17,Bairro,Carla,Tênis,Calçados,3,249.9,0.05,Cartão
504,2025-04-17,Centro,Ana,Calça,Roupas,1,129.9,0.0,Cartão
505,2025-02-25,Bairro,Eduardo,Boné,Acessórios,2,49.9,0.05,Dinheiro
506,2025-06-17,centro ,Bruno,Tênis,Calçados,5,249.9,0.1,Dinheiro
507,2025-03-04,Shopping,Carla,Meia,Acessórios,5,19.9,0.0,Cartão
508,2025-03-29,centro ,Diego,Boné,Acessórios,3,49.9,0.0,Cartão
509,2025-04-12,Shopping,Eduardo,Calça,Roupas,5,129.9,0.0,Pix
510,2025-08-30,Bairro,Carla,Calça,Roupas,4,129.9,0.15,Dinheiro
511,2025-05-09,centro ,Diego,Tênis,Calçados,2,249.9,0.1,Dinheiro
512,2025-11-15,Shopping,Diego,Camiseta,Roupas,5,59.9,0.0,Dinheiro
513,2025-06-26,Shopping,Bruno,Boné,Acessórios,1,49.9,0.0,Pix
514,2025-01-06,Bairro,Eduardo,Boné,Acessórios,1,49.9,0.15,Cartão
515,2025-03-17,Bairro,Carla,Boné,Acessórios,1,49.9,0.05,Pix
516,2025-06-09,Shopping,Diego,Boné,Acessórios,5,49.9,0.0,Pix
517,2025-05-14,centro ,Bruno,Boné,Acessórios,1,49.9,0.1,Cartão
518,2025-05-02,Shopping,Diego,Camiseta,Roupas,2,59.9,0.0,Pix
519,2025-07-25,Bairro,Carla,Calça,Roupas,4,129.9,0.05,Dinheiro
520,2025-10-16,Shopping,Ana,Boné,Acessórios,2,49.9,0.0,Dinheiro
521,2025-12-20,Bairro,Eduardo,Calça,Roupas,2,129.9,0.0,Pix
522,2025-09-02,centro ,Eduardo,Boné,Acessórios,2,49.9,0.05,Pix
523,2025-11-01,Bairro,Bruno,Boné,Acessórios,5,49.9,0.0,Pix
524,2025-06-20,Centro,Carla,Camiseta,Roupas,5,59.9,0.05,Pix
525,2025-05-24,Centro,Diego,Tênis,Calçados,1,249.9,0.05,Pix
526,2025-12-30,Bairro,Ana,Camiseta,Roupas,5,59.9,0.15,Dinheiro
527,2025-09-28,Bairro,Carla,Tênis,Calçados,1,249.9,0.15,Cartão
528,2025-07-13,centro ,Diego,Tênis,Calçados,4,249.9,0.0,Dinheiro
529,2025-02-18,Centro,Bruno,Meia,Acessórios,5,19.9,0.05,Cartão
530,2025-05-03,Shopping,Eduardo,Meia,Acessórios,3,19.9,0.2,Cartão
531,2025-05-12,Bairro,Diego,Tênis,Calçados,2,249.9,0.1,Dinheiro
532,2025-08-23,Shopping,Ana,Tênis,Calçados,4,249.9,0.15,Cartão
533,2025-02-17,Centro,Diego,Boné,Acessórios,2,49.9,0.0,Cartão
534,2025-11-14,Bairro,Bruno,Boné,Acessórios,3,49.9,0.05,Pix
535,2025-01-29,Bairro,Diego,Tênis,Calçados,4,249.9,0.05,Cartão
536,2025-08-03,Bairro,Carla,Boné,Acessórios,2,49.9,0.0,Cartão
537,2025-03-03,Shopping,Diego,Boné,Acessórios,5,49.9,0.05,Dinheiro
538,2025-08-25,Bairro,Bruno,Tênis,Calçados,4,249.9,0.0,Cartão
539,2025-12-02,Centro,Bruno,Meia,Acessórios,4,19.9,0.1,Dinheiro
540,2025-11-14,centro ,Ana,Calça,Roupas,1,129.9,0.0,Dinheiro
541,2025-08-10,Centro,Ana,Tênis,Calçados,4,249.9,0.15,Pix
542,2025-12-22,Bairro,Bruno,Calça,Roupas,4,129.9,0.0,Dinheiro
543,2025-12-06,centro ,Ana,Meia,Acessórios,1,19.9,0.1,Pix
544,2025-06-12,Bairro,Eduardo,Boné,Acessórios,2,49.9,0.15,Cartão
545,2025-07-06,centro ,Eduardo,Camiseta,Roupas,5,59.9,0.15,Cartão
546,2025-11-27,Centro,Eduardo,Calça,Roupas,3,129.9,0.1,Dinheiro
547,2025-03-02,Shopping,Carla,,Acessórios,3,49.9,0.1,Dinheiro
548,2025-10-18,centro ,Carla,Boné,Acessórios,3,49.9,0.0,Cartão
549,2025-10-31,Centro,Carla,Tênis,Calçados,2,249.9,0.0,Pix
550,2025-07-26,centro ,Carla,Meia,Acessórios,3,19.9,0.0,Pix
551,2025-12-05,Centro,Diego,,Acessórios,3,49.9,0.0,Dinheiro
552,2025-06-02,centro ,Carla,Calça,Roupas,3,129.9,0.1,Cartão
553,2025-07-16,Bairro,Carla,Calça,Roupas,5,129.9,0.0,Cartão
554,2025-06-19,centro ,Ana,Meia,Acessórios,3,19.9,0.15,Pix
555,2025-07-01,Shopping,Carla,Calça,Roupas,5,129.9,0.0,Dinheiro
556,2025-12-11,Centro,Bruno,Camiseta,Roupas,1,59.9,0.05,Dinheiro
557,2025-04-14,centro ,Bruno,Meia,Acessórios,5,19.9,0.0,Cartão
558,2025-04-22,Centro,Carla,Calça,Roupas,4,129.9,0.0,Cartão
559,2025-05-11,centro ,Bruno,Meia,Acessórios,5,19.9,0.2,Cartão
560,2025-11-18,centro ,Bruno,Boné,Acessórios,4,49.9,0.1,Dinheiro
561,2025-10-23,Shopping,Ana,Meia,Acessórios,4,19.9,0.0,Dinheiro
562,2025-02-14,Bairro,Carla,Tênis,Calçados,1,249.9,0.0,Dinheiro
563,2025-08-22,Centro,Ana,Tênis,Calçados,5,249.9,0.0,Cartão
564,2025-11-05,Bairro,Diego,Meia,Acessórios,2,19.9,0.0,Cartão
565,2025-01-11,Shopping,Bruno,Boné,Acessórios,2,49.9,0.0,Cartão
566,2025-12-24,centro ,Bruno,Tênis,Calçados,5,249.9,0.0,Dinheiro
567,2025-10-23,centro ,Diego,Boné,Acessórios,3,49.9,0.1,Cartão
568,2025-03-01,Shopping,Diego,Boné,Acessórios,5,49.9,0.0,Pix
569,2025-03-27,centro ,Bruno,Meia,Acessórios,2,19.9,0.0,Dinheiro
570,2025-04-06,Shopping,Eduardo,Tênis,Calçados,2,249.9,0.05,Cartão
571,2025-11-12,Shopping,Ana,Tênis,Calçados,2,249.9,0.0,Pix
572,2025-08-14,Centro,Eduardo,Calça,Roupas,2,129.9,0.0,Dinheiro
573,2025-04-16,Bairro,Eduardo,,Acessórios,1,19.9,0.1,Cartão
574,2025-11-29,centro ,Ana,Tênis,Calçados,4,249.9,0.05,Cartão
575,2025-09-06,Bairro,Bruno,Tênis,Calçados,4,249.9,0.05,Dinheiro
576,2025-12-31,Centro,Ana,Camiseta,Roupas,3,59.9,0.05,Pix
577,2025-09-27,Bairro,Diego,,Roupas,1,59.9,0.05,Pix
578,2025-04-30,centro ,Eduardo,Tênis,Calçados,4,249.9,0.0,Dinheiro
579,2025-07-27,Shopping,Eduardo,Boné,Acessórios,1,49.9,0.0,Cartão
580,2025-09-13,Bairro,Diego,Tênis,Calçados,5,249.9,0.15,Dinheiro
581,2025-12-11,Bairro,Ana,Boné,Acessórios,5,49.9,0.0,Cartão
582,2025-01-13,Centro,Bruno,Meia,Acessórios,4,19.9,0.0,Pix
583,2025-09-30,centro ,Bruno,Camiseta,Roupas,3,59.9,0.0,Pix
584,2025-07-06,Centro,Eduardo,Tênis,Calçados,1,249.9,0.0,Pix
585,2025-10-13,Bairro,Eduardo,Calça,Roupas,5,129.9,0.1,Cartão
586,2025-04-04,Centro,Ana,Calça,Roupas,4,129.9,0.0,Dinheiro
587,2025-12-30,Bairro,Eduardo,Camiseta,Roupas,4,59.9,0.0,Cartão
588,2025-05-17,Shopping,Ana,Camiseta,Roupas,3,59.9,0.15,Cartão
589,2025-05-20,Centro,Eduardo,Camiseta,Roupas,1,59.9,0.0,Dinheiro
590,2025-08-20,Shopping,Carla,Meia,Acessórios,3,19.9,0.0,Dinheiro
591,2025-08-09,Centro,Eduardo,Camiseta,Roupas,2,59.9,0.0,Cartão
592,2025-11-06,centro ,Ana,Boné,Acessórios,3,49.9,0.1,Dinheiro
593,2025-03-04,centro ,Carla,Camiseta,Roupas,3,59.9,0.0,Pix
594,2025-01-28,Shopping,Eduardo,Tênis,Calçados,4,249.9,0.0,Cartão
595,2025-06-13,Shopping,Eduardo,Calça,Roupas,1,129.9,0.15,Pix
596,2025-03-24,Shopping,Diego,Meia,Acessórios,3,19.9,0.05,Pix
597,2025-10-23,Centro,Diego,Calça,Roupas,2,129.9,0.0,Cartão
598,2025-07-03,centro ,Eduardo,Meia,Acessórios,2,19.9,0.0,Dinheiro
599,2025-04-28,Shopping,Ana,Calça,Roupas,2,129.9,0.0,Dinheiro
600,2025-07-14,Shopping,Carla,Tênis,Calçados,3,249.9,0.0,Pix
601,2025-06-24,Shopping,Bruno,Boné,Acessórios,4,49.9,0.0,Dinheiro
602,2025-03-07,Shopping,Carla,Camiseta,Roupas,1,59.9,0.0,Pix
603,2025-10-21,Centro,Bruno,Meia,Acessórios,4,19.9,0.0,Dinheiro
604,2025-03-11,Centro,Carla,Camiseta,Roupas,4,59.9,0.0,Dinheiro
605,2025-08-15,Shopping,Carla,Calça,Roupas,2,129.9,0.0,Pix
606,2025-07-22,Centro,Eduardo,Meia,Acessórios,5,19.9,0.0,Dinheiro
607,2025-08-25,Shopping,Eduardo,Boné,Acessórios,3,49.9,0.0,Cartão
608,2025-11-03,Shopping,Carla,Camiseta,Roupas,4,59.9,0.05,Dinheiro
609,2025-08-08,Shopping,Ana,Calça,Roupas,2,129.9,0.1,Pix
610,2025-02-21,Centro,Diego,Calça,Roupas,5,129.9,0.0,Dinheiro
611,2025-07-10,Shopping,Bruno,Camiseta,Roupas,1,59.9,0.0,Cartão
612,2025-01-08,Shopping,Ana,Tênis,Calçados,2,249.9,0.0,Pix
613,2025-03-19,Centro,Carla,Camiseta,Roupas,5,59.9,0.1,Dinheiro
614,2025-08-29,Bairro,Eduardo,Boné,Acessórios,4,49.9,0.0,Cartão
615,2025-11-01,Bairro,Ana,Boné,Acessórios,5,49.9,0.15,Cartão
616,2025-02-28,centro ,Bruno,,Acessórios,1,19.9,0.0,Pix
617,2025-02-13,Bairro,Carla,Boné,Acessórios,4,49.9,0.0,Dinheiro
618,2025-04-10,Bairro,Bruno,Camiseta,Roupas,5,59.9,0.05,Pix
619,2025-02-19,Centro,Carla,Camiseta,Roupas,5,59.9,0.15,Cartão
620,2025-08-27,Shopping,Diego,Calça,Roupas,4,129.9,0.05,Cartão
621,2025-10-11,centro ,Eduardo,Meia,Acessórios,3,19.9,0.0,Cartão
622,2025-02-14,Shopping,Diego,Tênis,Calçados,2,249.9,0.0,Pix
623,2025-10-13,Shopping,Bruno,Camiseta,Roupas,5,59.9,0.0,Pix
624,2025-06-22,Bairro,Eduardo,Meia,Acessórios,2,19.9,0.0,Pix
625,2025-01-06,centro ,Bruno,Meia,Acessórios,2,19.9,0.0,Pix
626,2025-01-06,centro ,Carla,Boné,Acessórios,2,49.9,0.15,Dinheiro
627,2025-12-03,Centro,Carla,Tênis,Calçados,3,249.9,0.2,Cartão
628,2025-09-04,Bairro,Eduardo,,Roupas,3,59.9,0.0,Pix
629,2025-09-27,Centro,Bruno,Meia,Acessórios,1,19.9,0.0,Pix
630,2025-06-24,Centro,Diego,Calça,Roupas,1,129.9,0.05,Cartão
631,2025-01-25,Shopping,Bruno,Boné,Acessórios,2,49.9,0.05,Cartão
632,2025-12-21,centro ,Bruno,Camiseta,Roupas,3,59.9,0.0,Dinheiro
633,2025-06-22,Bairro,Ana,Boné,Acessórios,2,49.9,0.1,Pix
634,2025-11-27,centro ,Ana,Calça,Roupas,3,129.9,0.15,Pix
635,2025-09-19,Centro,Diego,Tênis,Calçados,2,249.9,0.05,Pix
636,2025-05-10,Shopping,Carla,Meia,Acessórios,4,19.9,0.2,Pix
637,2025-09-10,Centro,Diego,Tênis,Calçados,5,249.9,0.1,Cartão
638,2025-12-15,Bairro,Diego,Meia,Acessórios,2,19.9,0.0,Dinheiro
639,2025-10-20,Centro,Carla,Boné,Acessórios,4,49.9,0.15,Dinheiro
640,2025-03-05,Centro,Carla,Boné,Acessórios,5,49.9,0.05,Pix
641,2025-08-12,centro ,Bruno,Meia,Acessórios,4,19.9,0.0,Cartão
642,2025-02-03,Centro,Carla,Boné,Acessórios,5,49.9,0.0,Cartão
643,2025-11-25,Bairro,Carla,Meia,Acessórios,4,19.9,0.15,Dinheiro
644,2025-10-15,centro ,Bruno,Camiseta,Roupas,4,59.9,0.0,Dinheiro
645,2025-11-20,Centro,Diego,Tênis,Calçados,2,249.9,0.0,Pix
646,2025-03-09,Bairro,Bruno,Calça,Roupas,3,129.9,0.05,Pix
647,2025-12-05,Bairro,Eduardo,Boné,Acessórios,3,49.9,0.15,Cartão
648,2025-09-30,centro ,Eduardo,Calça,Roupas,1,129.9,0.05,Dinheiro
649,2025-11-02,centro ,Ana,Boné,Acessórios,4,49.9,0.1,Pix
650,2025-07-18,Shopping,Bruno,Meia,Acessórios,4,19.9,0.1,Dinheiro
651,2025-11-02,Bairro,Carla,Calça,Roupas,4,129.9,0.0,Dinheiro
652,2025-07-01,Shopping,Ana,Calça,Roupas,4,129.9,0.15,Cartão
653,2025-10-08,centro ,Eduardo,Meia,Acessórios,2,19.9,0.0,Pix
654,2025-02-11,Bairro,Eduardo,Boné,Acessórios,5,49.9,0.05,Cartão
655,2025-12-29,Bairro,Ana,,Roupas,2,59.9,0.1,Pix
656,2025-03-14,centro ,Bruno,Calça,Roupas,1,129.9,0.0,Cartão
657,2025-03-07,Centro,Carla,Meia,Acessórios,3,19.9,0.0,Cartão
658,2025-10-12,Bairro,Diego,Camiseta,Roupas,4,59.9,0.2,Pix
659,2025-11-30,Centro,Bruno,Boné,Acessórios,2,49.9,0.0,Cartão
660,2025-02-05,Centro,Diego,Meia,Acessórios,5,19.9,0.0,Pix
661,2025-05-28,Shopping,Carla,Camiseta,Roupas,5,59.9,0.1,Dinheiro
662,2025-05-29,centro ,Carla,Tênis,Calçados,4,249.9,0.15,Pix
663,2025-11-13,Bairro,Diego,Boné,Acessórios,4,49.9,0.1,Cartão
664,2025-12-09,centro ,Carla,Boné,Acessórios,3,49.9,0.0,Pix
665,2025-09-30,centro ,Carla,Boné,Acessórios,5,49.9,0.1,Dinheiro
666,2025-07-20,Centro,Ana,Meia,Acessórios,2,19.9,0.05,Pix
667,2025-03-30,centro ,Ana,Boné,Acessórios,3,49.9,0.0,Dinheiro
668,2025-08-06,centro ,Carla,Tênis,Calçados,3,249.9,0.05,Pix
669,2025-05-09,Centro,Bruno,Calça,Roupas,5,129.9,0.0,Dinheiro
670,2025-06-12,Centro,Carla,Camiseta,Roupas,4,59.9,0.05,Pix
671,2025-09-17,Bairro,Carla,Meia,Acessórios,5,19.9,0.1,Dinheiro
672,2025-03-27,centro ,Diego,Boné,Acessórios,5,49.9,0.05,Cartão
673,2025-07-19,Shopping,Bruno,Tênis,Calçados,2,249.9,0.0,Dinheiro
674,2025-05-17,centro ,Carla,Tênis,Calçados,3,249.9,0.0,Dinheiro
675,2025-01-11,Shopping,Bruno,Tênis,Calçados,4,249.9,0.05,Cartão
676,2025-03-06,Bairro,Carla,Camiseta,Roupas,3,59.9,0.05,Dinheiro
677,2025-06-03,Shopping,Diego,Boné,Acessórios,5,49.9,0.2,Pix
678,2025-09-26,Centro,Eduardo,Boné,Acessórios,1,49.9,0.0,Cartão
679,2025-11-01,Bairro,Bruno,Meia,Acessórios,1,19.9,0.0,Dinheiro
680,2025-01-28,Bairro,Ana,Boné,Acessórios,5,49.9,0.0,Dinheiro
681,2025-11-30,Bairro,Diego,,Roupas,4,59.9,0.05,Pix
682,2025-08-05,Bairro,Bruno,Boné,Acessórios,5,49.9,0.0,Cartão
683,2025-11-16,Bairro,Ana,Meia,Acessórios,1,19.9,0.0,Cartão
684,2025-05-18,Centro,Eduardo,Camiseta,Roupas,3,59.9,0.0,Pix
685,2025-07-07,Shopping,Diego,Camiseta,Roupas,3,59.9,0.0,Cartão
686,2025-03-12,Shopping,Bruno,Calça,Roupas,3,129.9,0.0,Pix
687,2025-09-01,Bairro,Carla,Tênis,Calçados,1,249.9,0.0,Cartão
688,2025-01-16,Bairro,Carla,Meia,Acessórios,4,19.9,0.0,Pix
689,2025-02-08,Centro,Diego,Camiseta,Roupas,3,59.9,0.05,Cartão
690,2025-10-19,Shopping,Bruno,Meia,Acessórios,5,19.9,0.15,Pix
691,2025-03-31,Centro,Diego,Calça,Roupas,3,129.9,0.2,Pix
692,2025-12-23,Shopping,Ana,Calça,Roupas,2,129.9,0.05,Pix
693,2025-06-04,Bairro,Ana,Meia,Acessórios,4,19.9,0.2,Dinheiro
694,2025-07-09,Centro,Bruno,Boné,Acessórios,5,49.9,0.0,Cartão
695,2025-06-20,Shopping,Diego,Calça,Roupas,2,129.9,0.05,Pix
696,2025-01-11,centro ,Carla,Meia,Acessórios,1,19.9,0.0,Cartão
697,2025-06-21,Bairro,Bruno,Boné,Acessórios,1,49.9,0.0,Pix
698,2025-06-16,centro ,Diego,Tênis,Calçados,1,249.9,0.2,Pix
699,2025-08-03,Centro,Bruno,Calça,Roupas,3,129.9,0.0,Cartão
700,2025-09-28,Bairro,Eduardo,Tênis,Calçados,3,249.9,0.05,Dinheiro
701,2025-02-04,Shopping,Diego,Calça,Roupas,5,129.9,0.0,Pix
702,2025-01-08,Bairro,Bruno,Tênis,Calçados,4,249.9,0.15,Dinheiro
703,2025-05-16,Bairro,Eduardo,,Acessórios,1,49.9,0.0,Cartão
704,2025-11-23,Bairro,Bruno,Boné,Acessórios,1,49.9,0.0,Pix
705,2025-07-27,Shopping,Ana,Meia,Acessórios,4,19.9,0.0,Pix
706,2025-11-30,Centro,Diego,Camiseta,Roupas,3,59.9,0.1,Cartão
707,2025-01-18,Shopping,Eduardo,Boné,Acessórios,4,49.9,0.15,Cartão
708,2025-04-02,Bairro,Carla,Tênis,Calçados,1,249.9,0.0,Pix
709,2025-11-19,Shopping,Eduardo,Meia,Acessórios,1,19.9,0.0,Cartão
710,2025-03-07,Shopping,Eduardo,Calça,Roupas,4,129.9,0.1,Dinheiro
711,2025-09-06,Bairro,Carla,Boné,Acessórios,5,49.9,0.0,Cartão
712,2025-08-21,Centro,Carla,Boné,Acessórios,3,49.9,0.0,Cartão
713,2025-12-14,centro ,Carla,Meia,Acessórios,4,19.9,0.1,Dinheiro
714,2025-06-26,Centro,Bruno,Meia,Acessórios,3,19.9,0.15,Cartão
715,2025-11-06,Shopping,Diego,Boné,Acessórios,4,49.9,0.05,Pix
716,2025-08-02,Centro,Bruno,Meia,Acessórios,1,19.9,0.1,Pix
717,2025-04-25,centro ,Carla,Camiseta,Roupas,5,59.9,0.0,Dinheiro
718,2025-08-13,Centro,Ana,Calça,Roupas,3,129.9,0.05,Pix
719,2025-10-30,centro ,Carla,Meia,Acessórios,2,19.9,0.0,Dinheiro
720,2025-04-19,Centro,Eduardo,Tênis,Calçados,5,249.9,0.05,Pix
721,2025-04-11,Shopping,Eduardo,Camiseta,Roupas,4,59.9,0.0,Pix
722,2025-10-24,Shopping,Carla,Calça,Roupas,5,129.9,0.0,Dinheiro
723,2025-12-21,Centro,Carla,Calça,Roupas,1,129.9,0.15,Pix
724,2025-01-01,centro ,Ana,Boné,Acessórios,4,49.9,0.0,Cartão
725,2025-08-14,Centro,Carla,Tênis,Calçados,1,249.9,0.05,Cartão
726,2025-02-11,Bairro,Ana,Tênis,Calçados,4,249.9,0.0,Dinheiro
727,2025-02-14,Shopping,Eduardo,Calça,Roupas,1,129.9,0.0,Dinheiro
728,2025-09-01,Shopping,Diego,Calça,Roupas,5,129.9,0.1,Pix
729,2025-01-09,Centro,Ana,Meia,Acessórios,1,19.9,0.05,Dinheiro
730,2025-03-10,Bairro,Eduardo,Tênis,Calçados,2,249.9,0.05,Dinheiro
731,2025-09-17,Shopping,Eduardo,Calça,Roupas,1,129.9,0.1,Dinheiro
732,2025-09-24,Bairro,Eduardo,Camiseta,Roupas,5,59.9,0.0,Pix
733,2025-03-14,centro ,Bruno,Meia,Acessórios,4,19.9,0.0,Dinheiro
734,2025-07-25,Shopping,Carla,Boné,Acessórios,1,49.9,0.15,Dinheiro
735,2025-07-02,Centro,Eduardo,Calça,Roupas,5,129.9,0.0,Cartão
736,2025-03-11,Bairro,Bruno,Meia,Acessórios,3,19.9,0.0,Cartão
737,2025-08-02,Bairro,Diego,Meia,Acessórios,1,19.9,0.1,Dinheiro
738,2025-02-04,Bairro,Ana,Camiseta,Roupas,4,59.9,0.0,Dinheiro
739,2025-05-24,Bairro,Carla,Tênis,Calçados,4,249.9,0.1,Dinheiro
740,2025-06-22,Centro,Carla,Calça,Roupas,4,129.9,0.05,Pix
741,2025-10-12,Shopping,Ana,Calça,Roupas,3,129.9,0.15,Cartão
742,2025-10-11,Bairro,Carla,Tênis,Calçados,3,249.9,0.0,Cartão
743,2025-12-25,Shopping,Carla,Boné,Acessórios,4,49.9,0.05,Cartão
744,2025-04-19,Centro,Eduardo,Tênis,Calçados,4,249.9,0.1,Dinheiro
745,2025-08-25,centro ,Carla,Tênis,Calçados,4,249.9,0.05,Dinheiro
746,2025-10-25,Centro,Ana,Camiseta,Roupas,4,59.9,0.1,Pix
747,2025-07-28,Bairro,Eduardo,,Roupas,3,59.9,0.0,Dinheiro
748,2025-09-10,Centro,Ana,Tênis,Calçados,4,249.9,0.1,Dinheiro
749,2025-07-25,Shopping,Carla,Calça,Roupas,4,129.9,0.0,Dinheiro
750,2025-12-27,Shopping,Eduardo,Tênis,Calçados,4,249.9,0.05,Pix
751,2025-03-20,centro ,Ana,Boné,Acessórios,2,49.9,0.2,Cartão
752,2025-07-11,Centro,Ana,Boné,Acessórios,3,49.9,0.0,Cartão
753,2025-03-30,centro ,Eduardo,Calça,Roupas,5,129.9,0.0,Pix
754,2025-11-02,Shopping,Ana,Tênis,Calçados,2,249.9,0.15,Dinheiro
755,2025-12-16,Shopping,Ana,,Roupas,5,129.9,0.15,Pix
756,2025-11-03,Centro,Eduardo,Meia,Acessórios,5,19.9,0.0,Cartão
757,2025-12-29,centro ,Bruno,Camiseta,Roupas,3,59.9,0.0,Cartão
758,2025-04-07,Centro,Diego,Camiseta,Roupas,2,59.9,0.1,Dinheiro
759,2025-06-10,centro ,Bruno,Tênis,Calçados,4,249.9,0.1,Cartão
760,2025-12-28,centro ,Ana,Calça,Roupas,2,129.9,0.0,Cartão
761,2025-06-20,Bairro,Eduardo,Boné,Acessórios,2,49.9,0.1,Dinheiro
762,2025-12-20,Shopping,Diego,,Calçados,2,249.9,0.0,Cartão
763,2025-11-01,centro ,Bruno,Calça,Roupas,5,129.9,0.05,Cartão
764,2025-11-28,Shopping,Carla,Camiseta,Roupas,4,59.9,0.0,Dinheiro
765,2025-01-24,centro ,Carla,Camiseta,Roupas,1,59.9,0.2,Dinheiro
766,2025-10-13,Centro,Carla,Meia,Acessórios,5,19.9,0.0,Dinheiro
767,2025-01-31,Shopping,Bruno,Camiseta,Roupas,1,59.9,0.05,Cartão
768,2025-10-05,Bairro,Carla,Camiseta,Roupas,2,59.9,0.1,Dinheiro
769,2025-11-04,Centro,Eduardo,Calça,Roupas,1,129.9,0.0,Dinheiro
770,2025-01-16,centro ,Carla,Camiseta,Roupas,2,59.9,0.0,Pix
771,2025-06-20,Centro,Ana,Meia,Acessórios,4,19.9,0.15,Pix
772,2025-10-29,Centro,Diego,Meia,Acessórios,3,19.9,0.0,Cartão
773,2025-03-22,Centro,Diego,Calça,Roupas,1,129.9,0.0,Pix
774,2025-07-30,Shopping,Eduardo,Boné,Acessórios,2,49.9,0.0,Pix
775,2025-04-07,Bairro,Diego,Meia,Acessórios,3,19.9,0.2,Pix
776,2025-02-24,Shopping,Ana,Boné,Acessórios,5,49.9,0.0,Cartão
777,2025-12-09,Centro,Bruno,Tênis,Calçados,1,249.9,0.05,Dinheiro
778,2025-10-14,Shopping,Carla,Tênis,Calçados,1,249.9,0.1,Pix
779,2025-04-13,Shopping,Bruno,Meia,Acessórios,4,19.9,0.05,Pix
780,2025-03-15,Bairro,Bruno,Meia,Acessórios,4,19.9,0.0,Pix
781,2025-11-16,Shopping,Carla,Tênis,Calçados,2,249.9,0.1,Dinheiro
782,2025-01-13,Bairro,Ana,Meia,Acessórios,2,19.9,0.05,Pix
783,2025-04-11,centro ,Carla,Tênis,Calçados,1,249.9,0.0,Pix
784,2025-08-17,Centro,Bruno,Camiseta,Roupas,4,59.9,0.0,Cartão
785,2025-09-30,Centro,Bruno,Camiseta,Roupas,2,59.9,0.0,Dinheiro
786,2025-07-02,Centro,Bruno,Boné,Acessórios,2,49.9,0.05,Cartão
787,2025-03-23,Centro,Ana,Meia,Acessórios,5,19.9,0.15,Dinheiro
788,2025-02-16,Bairro,Diego,Meia,Acessórios,3,19.9,0.2,Dinheiro
789,2025-01-19,Shopping,Diego,Meia,Acessórios,2,19.9,0.0,Cartão
790,2025-06-30,Bairro,Bruno,Meia,Acessórios,3,19.9,0.05,Pix
791,2025-06-26,centro ,Carla,Meia,Acessórios,2,19.9,0.1,Dinheiro
792,2025-04-28,Bairro,Diego,Meia,Acessórios,5,19.9,0.1,Cartão
793,2025-09-23,Shopping,Bruno,Camiseta,Roupas,4,59.9,0.0,Cartão
794,2025-08-21,Shopping,Carla,Meia,Acessórios,1,19.9,0.0,Cartão
795,2025-03-04,Bairro,Diego,Camiseta,Roupas,2,59.9,0.0,Dinheiro
796,2025-10-13,Centro,Diego,Calça,Roupas,1,129.9,0.0,Pix
797,2025-05-29,centro ,Diego,Calça,Roupas,2,129.9,0.05,Pix
798,2025-09-11,centro ,Diego,Boné,Acessórios,4,49.9,0.05,Dinheiro
799,2025-10-23,Shopping,Diego,Tênis,Calçados,3,249.9,0.0,Cartão
800,2025-05-14,Centro,Diego,Meia,Acessórios,4,19.9,0.05,Dinheiro
801,2025-03-12,centro ,Carla,Boné,Acessórios,3,49.9,0.0,Pix
802,2025-05-15,Bairro,Eduardo,Tênis,Calçados,3,249.9,0.0,Cartão
803,2025-10-20,Centro,Carla,Boné,Acessórios,1,49.9,0.1,Cartão
804,2025-09-24,Shopping,Bruno,Boné,Acessórios,3,49.9,0.1,Dinheiro
805,2025-12-30,Bairro,Bruno,Calça,Roupas,2,129.9,0.15,Pix
806,2025-08-11,Bairro,Ana,Camiseta,Roupas,4,59.9,0.1,Cartão
807,2025-03-26,Shopping,Ana,Boné,Acessórios,5,49.9,0.1,Dinheiro
808,2025-11-26,Shopping,Eduardo,Calça,Roupas,1,129.9,0.0,Dinheiro
809,2025-01-08,Shopping,Carla,Meia,Acessórios,4,19.9,0.0,Cartão
810,2025-01-08,centro ,Eduardo,Boné,Acessórios,5,49.9,0.1,Cartão
811,2025-05-29,centro ,Bruno,Calça,Roupas,4,129.9,0.0,Dinheiro
812,2025-10-21,Shopping,Eduardo,Camiseta,Roupas,4,59.9,0.0,Cartão
813,2025-02-20,Shopping,Carla,Calça,Roupas,5,129.9,0.0,Cartão
814,2025-02-08,centro ,Ana,Boné,Acessórios,4,49.9,0.0,Pix
815,2025-10-31,Shopping,Carla,Meia,Acessórios,1,19.9,0.1,Cartão
816,2025-11-27,Bairro,Bruno,Calça,Roupas,5,129.9,0.05,Dinheiro
817,2025-01-18,Bairro,Ana,Camiseta,Roupas,4,59.9,0.1,Dinheiro
818,2025-09-03,Shopping,Eduardo,Tênis,Calçados,5,249.9,0.05,Cartão
819,2025-07-13,Shopping,Bruno,Meia,Acessórios,5,19.9,0.2,Pix
820,2025-07-29,Centro,Carla,Meia,Acessórios,3,19.9,0.1,Cartão
821,2025-02-03,Centro,Ana,Camiseta,Roupas,1,59.9,0.0,Pix
822,2025-01-13,Bairro,Eduardo,Calça,Roupas,3,129.9,0.05,Cartão
823,2025-04-18,centro ,Bruno,Calça,Roupas,4,129.9,0.1,Cartão
824,2025-03-29,centro ,Diego,Boné,Acessórios,5,49.9,0.0,Pix
825,2025-11-04,Centro,Ana,Boné,Acessórios,2,49.9,0.0,Dinheiro
826,2025-09-20,centro ,Diego,Calça,Roupas,4,129.9,0.0,Pix
827,2025-04-18,Shopping,Eduardo,Camiseta,Roupas,5,59.9,0.0,Pix
828,2025-08-07,Bairro,Eduardo,Boné,Acessórios,5,49.9,0.0,Dinheiro
829,2025-06-08,Centro,Bruno,Meia,Acessórios,4,19.9,0.1,Cartão
830,2025-12-19,centro ,Ana,Boné,Acessórios,4,49.9,0.0,Cartão
831,2025-07-16,Shopping,Bruno,Meia,Acessórios,2,19.9,0.1,Pix
832,2025-02-11,Shopping,Diego,Calça,Roupas,1,129.9,0.0,Pix
833,2025-05-23,Shopping,Eduardo,Tênis,Calçados,3,249.9,0.0,Cartão
834,2025-12-17,Shopping,Diego,,Acessórios,4,19.9,0.2,Cartão
835,2025-01-09,Centro,Eduardo,Meia,Acessórios,3,19.9,0.05,Cartão
836,2025-04-15,Shopping,Diego,Camiseta,Roupas,5,59.9,0.0,Cartão
837,2025-03-17,centro ,Eduardo,Meia,Acessórios,1,19.9,0.0,Dinheiro
838,2025-09-08,Bairro,Carla,Calça,Roupas,2,129.9,0.0,Pix
839,2025-11-20,Bairro,Bruno,Meia,Acessórios,3,19.9,0.1,Dinheiro
840,2025-06-26,centro ,Bruno,Calça,Roupas,5,129.9,0.15,Dinheiro
841,2025-07-14,Shopping,Ana,Tênis,Calçados,1,249.9,0.0,Cartão
842,2025-11-07,Centro,Diego,Meia,Acessórios,2,19.9,0.0,Dinheiro
843,2025-05-31,centro ,Eduardo,Boné,Acessórios,1,49.9,0.0,Cartão
844,2025-02-14,Shopping,Diego,Boné,Acessórios,4,49.9,0.15,Dinheiro
845,2025-09-06,centro ,Eduardo,Boné,Acessórios,2,49.9,0.0,Cartão
846,2025-02-11,Centro,Eduardo,Boné,Acessórios,2,49.9,0.0,Cartão
847,2025-05-08,Bairro,Eduardo,Calça,Roupas,4,129.9,0.1,Pix
848,2025-02-18,Centro,Ana,Boné,Acessórios,1,49.9,0.1,Cartão
849,2025-06-15,Bairro,Carla,Meia,Acessórios,1,19.9,0.05,Pix
850,2025-02-12,Centro,Diego,Camiseta,Roupas,2,59.9,0.05,Dinheiro
851,2025-08-07,Centro,Diego,Camiseta,Roupas,4,59.9,0.15,Cartão
852,2025-04-30,Centro,Bruno,Camiseta,Roupas,1,59.9,0.2,Pix
853,2025-07-12,Centro,Carla,Tênis,Calçados,3,249.9,0.0,Pix
854,2025-08-25,Shopping,Eduardo,Tênis,Calçados,4,249.9,0.1,Pix
855,2025-07-17,Bairro,Eduardo,Calça,Roupas,1,129.9,0.0,Pix
856,2025-07-30,centro ,Bruno,Boné,Acessórios,4,49.9,0.1,Pix
857,2025-09-15,Bairro,Diego,Camiseta,Roupas,5,59.9,0.0,Dinheiro
858,2025-09-08,Bairro,Ana,Calça,Roupas,5,129.9,0.0,Cartão
859,2025-07-23,centro ,Eduardo,Camiseta,Roupas,3,59.9,0.15,Cartão
860,2025-02-26,Bairro,Diego,Boné,Acessórios,3,49.9,0.05,Dinheiro
861,2025-10-15,centro ,Ana,Camiseta,Roupas,4,59.9,0.15,Pix
862,2025-07-30,Centro,Diego,Tênis,Calçados,5,249.9,0.05,Pix
863,2025-02-16,Bairro,Carla,Boné,Acessórios,4,49.9,0.05,Cartão
864,2025-01-27,centro ,Bruno,Calça,Roupas,1,129.9,0.1,Pix
865,2025-11-06,Bairro,Bruno,Calça,Roupas,2,129.9,0.15,Cartão
866,2025-07-20,Shopping,Carla,Tênis,Calçados,5,249.9,0.0,Cartão
867,2025-06-16,centro ,Ana,Meia,Acessórios,2,19.9,0.05,Dinheiro
868,2025-11-07,centro ,Ana,Meia,Acessórios,1,19.9,0.0,Dinheiro
869,2025-04-18,Shopping,Bruno,Meia,Acessórios,4,19.9,0.15,Dinheiro
870,2025-04-18,Shopping,Ana,Calça,Roupas,1,129.9,0.1,Dinheiro
871,2025-04-29,Shopping,Bruno,Tênis,Calçados,2,249.9,0.05,Dinheiro
872,2025-03-19,Shopping,Bruno,Calça,Roupas,3,129.9,0.1,Dinheiro
873,2025-11-28,Centro,Ana,Calça,Roupas,2,129.9,0.0,Cartão
874,2025-07-30,Centro,Bruno,Camiseta,Roupas,5,59.9,0.0,Dinheiro
875,2025-01-04,centro ,Carla,Boné,Acessórios,4,49.9,0.0,Pix
876,2025-11-06,Bairro,Diego,Boné,Acessórios,5,49.9,0.0,Cartão
877,2025-09-30,centro ,Ana,Boné,Acessórios,1,49.9,0.0,Cartão
878,2025-03-07,centro ,Diego,Camiseta,Roupas,2,59.9,0.1,Cartão
879,2025-08-15,centro ,Bruno,,Calçados,5,249.9,0.1,Dinheiro
880,2025-06-30,Centro,Diego,Boné,Acessórios,2,49.9,0.0,Pix
881,2025-12-02,centro ,Eduardo,Camiseta,Roupas,5,59.9,0.1,Cartão
882,2025-04-27,centro ,Bruno,Tênis,Calçados,2,249.9,0.1,Dinheiro
883,2025-03-07,Shopping,Ana,Tênis,Calçados,4,249.9,0.0,Pix
884,2025-07-18,Bairro,Ana,Calça,Roupas,5,129.9,0.0,Dinheiro
885,2025-06-15,Shopping,Diego,Tênis,Calçados,4,249.9,0.05,Pix
886,2025-02-18,centro ,Ana,Boné,Acessórios,5,49.9,0.0,Dinheiro
887,2025-10-20,Shopping,Carla,Calça,Roupas,2,129.9,0.05,Dinheiro
888,2025-10-27,Shopping,Ana,Calça,Roupas,3,129.9,0.0,Cartão
889,2025-06-18,centro ,Carla,Meia,Acessórios,4,19.9,0.05,Pix
890,2025-07-08,Bairro,Bruno,Boné,Acessórios,2,49.9,0.1,Dinheiro
891,2025-07-06,Shopping,Eduardo,Calça,Roupas,2,129.9,0.15,Pix
892,2025-05-27,Centro,Eduardo,Calça,Roupas,2,129.9,0.05,Dinheiro
893,2025-03-05,Centro,Diego,Meia,Acessórios,2,19.9,0.0,Dinheiro
894,2025-02-08,Bairro,Bruno,Tênis,Calçados,3,249.9,0.0,Dinheiro
895,2025-04-09,Bairro,Diego,,Roupas,1,129.9,0.15,Dinheiro
896,2025-02-20,Shopping,Bruno,Meia,Acessórios,5,19.9,0.0,Cartão
897,2025-07-07,Shopping,Eduardo,Boné,Acessórios,2,49.9,0.15,Cartão
898,2025-11-22,centro ,Ana,,Acessórios,5,49.9,0.0,Cartão
899,2025-12-12,Shopping,Diego,Calça,Roupas,5,129.9,0.05,Cartão
900,2025-05-24,Centro,Carla,Tênis,Calçados,5,249.9,0.0,Dinheiro
901,2025-06-04,Shopping,Bruno,Tênis,Calçados,3,249.9,0.0,Cartão
902,2025-09-21,Centro,Eduardo,Camiseta,Roupas,5,59.9,0.15,Dinheiro
903,2025-10-03,centro ,Bruno,Boné,Acessórios,2,49.9,0.1,Pix
904,2025-09-28,Shopping,Bruno,Boné,Acessórios,4,49.9,0.05,Pix
905,2025-08-20,Centro,Diego,Boné,Acessórios,5,49.9,0.0,Pix
906,2025-04-01,centro ,Eduardo,Camiseta,Roupas,3,59.9,0.0,Pix
907,2025-11-24,Bairro,Eduardo,Tênis,Calçados,2,249.9,0.1,Pix
908,2025-11-18,Centro,Ana,Tênis,Calçados,1,249.9,0.05,Dinheiro
909,2025-06-02,Shopping,Eduardo,Calça,Roupas,5,129.9,0.05,Cartão
910,2025-03-23,Bairro,Bruno,Boné,Acessórios,5,49.9,0.1,Dinheiro
911,2025-07-28,Bairro,Ana,Meia,Acessórios,5,19.9,0.05,Cartão
912,2025-02-15,Bairro,Carla,Camiseta,Roupas,4,59.9,0.0,Pix
913,2025-01-24,Bairro,Bruno,Calça,Roupas,4,129.9,0.0,Dinheiro
914,2025-07-26,centro ,Ana,Camiseta,Roupas,1,59.9,0.0,Dinheiro
915,2025-10-26,Centro,Carla,Calça,Roupas,3,129.9,0.0,Cartão
916,2025-06-27,Bairro,Carla,Calça,Roupas,4,129.9,0.0,Dinheiro
917,2025-12-23,centro ,Bruno,Camiseta,Roupas,4,59.9,0.15,Cartão
918,2025-01-28,Centro,Ana,Boné,Acessórios,3,49.9,0.15,Cartão
919,2025-08-05,centro ,Bruno,Meia,Acessórios,5,19.9,0.0,Dinheiro
920,2025-12-23,Centro,Diego,Tênis,Calçados,4,249.9,0.1,Pix
921,2025-06-18,Shopping,Bruno,Calça,Roupas,4,129.9,0.0,Dinheiro
922,2025-03-26,Centro,Diego,Boné,Acessórios,1,49.9,0.0,Dinheiro
923,2025-09-01,centro ,Carla,Camiseta,Roupas,2,59.9,0.0,Dinheiro
924,2025-01-02,Bairro,Ana,Calça,Roupas,5,129.9,0.0,Cartão
925,2025-09-27,Bairro,Diego,Meia,Acessórios,1,19.9,0.05,Cartão
926,2025-06-20,Centro,Eduardo,Calça,Roupas,1,129.9,0.0,Pix
927,2025-05-26,Centro,Ana,Camiseta,Roupas,2,59.9,0.0,Cartão
928,2025-04-30,Shopping,Eduardo,Camiseta,Roupas,4,59.9,0.0,Cartão
929,2025-06-21,Bairro,Carla,Calça,Roupas,3,129.9,0.0,Cartão
930,2025-12-28,Shopping,Bruno,Calça,Roupas,2,129.9,0.0,Pix
931,2025-07-15,Bairro,Ana,Camiseta,Roupas,5,59.9,0.0,Cartão
932,2025-03-10,Bairro,Eduardo,Meia,Acessórios,1,19.9,0.05,Cartão
933,2025-07-23,Centro,Carla,Tênis,Calçados,5,249.9,0.0,Cartão
934,2025-03-03,Bairro,Diego,Camiseta,Roupas,5,59.9,0.0,Dinheiro
935,2025-05-10,Centro,Ana,Meia,Acessórios,4,19.9,0.0,Dinheiro
936,2025-11-29,Shopping,Eduardo,Calça,Roupas,4,129.9,0.0,Cartão
937,2025-06-11,Centro,Carla,,Calçados,2,249.9,0.0,Pix
938,2025-07-07,Shopping,Ana,Boné,Acessórios,1,49.9,0.0,Cartão
939,2025-05-26,Centro,Diego,Tênis,Calçados,4,249.9,0.05,Cartão
940,2025-04-24,Bairro,Eduardo,Boné,Acessórios,2,49.9,0.0,Pix
941,2025-10-08,Bairro,Eduardo,Camiseta,Roupas,3,59.9,0.0,Dinheiro
942,2025-01-26,Bairro,Carla,Tênis,Calçados,2,249.9,0.0,Pix
943,2025-08-17,Bairro,Ana,Meia,Acessórios,2,19.9,0.1,Pix
944,2025-06-26,Shopping,Eduardo,Calça,Roupas,5,129.9,0.05,Pix
945,2025-08-23,Shopping,Bruno,Tênis,Calçados,2,249.9,0.0,Pix
946,2025-08-29,Shopping,Bruno,Camiseta,Roupas,2,59.9,0.0,Cartão
947,2025-03-13,centro ,Bruno,Calça,Roupas,5,129.9,0.1,Cartão
948,2025-04-09,Shopping,Carla,Calça,Roupas,2,129.9,0.05,Pix
949,2025-07-02,Bairro,Ana,Boné,Acessórios,2,49.9,0.0,Pix
950,2025-07-05,Shopping,Carla,Boné,Acessórios,2,49.9,0.15,Dinheiro
951,2025-07-29,Bairro,Ana,Camiseta,Roupas,5,59.9,0.1,Dinheiro
952,2025-05-09,Bairro,Diego,Tênis,Calçados,2,249.9,0.0,Pix
953,2025-06-22,centro ,Carla,Camiseta,Roupas,3,59.9,0.0,Dinheiro
954,2025-05-23,centro ,Bruno,Calça,Roupas,2,129.9,0.0,Pix
955,2025-08-03,Shopping,Carla,Tênis,Calçados,5,249.9,0.0,Dinheiro
956,2025-10-08,centro ,Ana,Calça,Roupas,2,129.9,0.1,Cartão
957,2025-05-29,Centro,Ana,Camiseta,Roupas,2,59.9,0.05,Dinheiro
958,2025-01-17,Bairro,Carla,Meia,Acessórios,4,19.9,0.0,Dinheiro
959,2025-09-05,Shopping,Eduardo,Meia,Acessórios,3,19.9,0.1,Pix
960,2025-08-04,Bairro,Ana,Tênis,Calçados,5,249.9,0.05,Dinheiro
961,2025-01-11,Bairro,Ana,Meia,Acessórios,1,19.9,0.05,Dinheiro
962,2025-04-11,Centro,Bruno,Tênis,Calçados,5,249.9,0.0,Pix
963,2025-11-13,Shopping,Diego,Boné,Acessórios,2,49.9,0.1,Pix
964,2025-11-19,Centro,Ana,Calça,Roupas,5,129.9,0.0,Dinheiro
965,2025-11-09,Bairro,Carla,Meia,Acessórios,5,19.9,0.05,Cartão
966,2025-11-05,centro ,Eduardo,Boné,Acessórios,1,49.9,0.0,Cartão
967,2025-11-28,Centro,Eduardo,Meia,Acessórios,1,19.9,0.05,Cartão
968,2025-06-27,Centro,Diego,Meia,Acessórios,2,19.9,0.0,Dinheiro
969,2025-11-21,Shopping,Ana,Meia,Acessórios,2,19.9,0.0,Pix
970,2025-03-31,Centro,Diego,Calça,Roupas,3,129.9,0.15,Cartão
971,2025-09-02,Shopping,Ana,Calça,Roupas,5,129.9,0.0,Pix
972,2025-07-05,Shopping,Eduardo,Camiseta,Roupas,3,59.9,0.0,Pix
973,2025-08-26,Centro,Bruno,Boné,Acessórios,5,49.9,0.1,Cartão
974,2025-11-22,Bairro,Eduardo,Camiseta,Roupas,1,59.9,0.15,Cartão
975,2025-01-11,Bairro,Bruno,Calça,Roupas,1,129.9,0.1,Dinheiro
976,2025-01-12,Bairro,Ana,Tênis,Calçados,3,249.9,0.05,Pix
977,2025-10-10,centro ,Ana,Camiseta,Roupas,4,59.9,0.0,Pix
978,2025-04-13,Centro,Ana,Boné,Acessórios,5,49.9,0.0,Cartão
979,2025-07-01,Bairro,Bruno,Boné,Acessórios,3,49.9,0.15,Dinheiro
980,2025-09-30,Shopping,Diego,Boné,Acessórios,5,49.9,0.0,Dinheiro
981,2025-10-15,centro ,Bruno,Tênis,Calçados,5,249.9,0.0,Cartão
982,2025-11-16,centro ,Diego,Camiseta,Roupas,3,59.9,0.05,Cartão
983,2025-08-23,Bairro,Carla,Boné,Acessórios,4,49.9,0.0,Cartão
984,2025-04-11,Centro,Eduardo,Tênis,Calçados,2,249.9,0.0,Cartão
985,2025-08-02,Shopping,Carla,Meia,Acessórios,3,19.9,0.0,Cartão
986,2025-05-19,Centro,Bruno,Tênis,Calçados,2,249.9,0.1,Cartão
987,2025-07-10,centro ,Diego,Calça,Roupas,4,129.9,0.05,Dinheiro
988,2025-06-20,Bairro,Carla,Camiseta,Roupas,5,59.9,0.1,Cartão
989,2025-11-30,centro ,Ana,Boné,Acessórios,3,49.9,0.15,Pix
990,2025-12-19,centro ,Carla,Boné,Acessórios,1,49.9,0.0,Dinheiro
991,2025-07-25,Bairro,Diego,Calça,Roupas,5,129.9,0.15,Cartão
992,2025-12-03,centro ,Diego,Calça,Roupas,1,129.9,0.1,Cartão
993,2025-10-10,Shopping,Eduardo,Tênis,Calçados,2,249.9,0.0,Dinheiro
994,2025-01-24,Centro,Bruno,Tênis,Calçados,1,249.9,0.05,Dinheiro
995,2025-07-18,Bairro,Eduardo,Meia,Acessórios,2,19.9,0.05,Dinheiro
996,2025-10-11,Bairro,Bruno,Meia,Acessórios,4,19.9,0.15,Cartão
997,2025-04-10,Centro,Ana,Boné,Acessórios,2,49.9,0.05,Pix
998,2025-05-07,centro ,Diego,Boné,Acessórios,4,49.9,0.1,Dinheiro
999,2025-05-12,Shopping,Bruno,Boné,Acessórios,1,49.9,0.0,Dinheiro
1000,2025-12-30,Bairro,Bruno,,Acessórios,3,19.9,0.0,Dinheiro
1001,2025-07-08,Bairro,Bruno,Tênis,Calçados,2,249.9,0.0,Pix
1002,2025-10-31,Centro,Bruno,Tênis,Calçados,4,249.9,0.05,Pix
1003,2025-12-01,centro ,Carla,Tênis,Calçados,4,249.9,0.15,Dinheiro
1004,2025-08-01,Bairro,Ana,Tênis,Calçados,3,249.9,0.05,Cartão
1005,2025-09-15,centro ,Carla,Tênis,Calçados,4,249.9,0.0,Pix
1006,2025-07-20,Bairro,Bruno,Tênis,Calçados,2,249.9,0.0,Cartão
1007,2025-12-23,Shopping,Diego,Meia,Acessórios,4,19.9,0.05,Dinheiro
1008,2025-06-04,Centro,Carla,Boné,Acessórios,5,49.9,0.05,Pix
1009,2025-05-17,centro ,Carla,Camiseta,Roupas,5,59.9,0.0,Cartão
1010,2025-11-19,centro ,Bruno,Meia,Acessórios,3,19.9,0.05,Dinheiro
1011,2025-10-29,Shopping,Eduardo,Tênis,Calçados,2,249.9,0.05,Dinheiro
1012,2025-06-10,Bairro,Diego,Meia,Acessórios,5,19.9,0.1,Pix
1013,2025-07-24,Centro,Bruno,Camiseta,Roupas,2,59.9,0.15,Cartão
1014,2025-03-06,centro ,Ana,Tênis,Calçados,2,249.9,0.05,Pix
1015,2025-01-12,Shopping,Ana,Camiseta,Roupas,1,59.9,0.0,Dinheiro
1016,2025-08-06,Shopping,Ana,Meia,Acessórios,4,19.9,0.05,Pix
1017,2025-11-29,centro ,Carla,Meia,Acessórios,4,19.9,0.0,Dinheiro
1018,2025-08-13,Shopping,Eduardo,,Acessórios,4,49.9,0.2,Dinheiro
1019,2025-12-28,Shopping,Bruno,Tênis,Calçados,1,249.9,0.05,Cartão
1020,2025-10-19,Centro,Diego,Boné,Acessórios,5,49.9,0.0,Dinheiro
1021,2025-05-23,Bairro,Ana,Boné,Acessórios,4,49.9,0.0,Pix
1022,2025-08-12,centro ,Carla,Camiseta,Roupas,5,59.9,0.0,Pix
1023,2025-12-29,Shopping,Eduardo,Boné,Acessórios,3,49.9,0.2,Pix
1024,2025-11-23,Shopping,Carla,,Calçados,5,249.9,0.0,Dinheiro
1025,2025-02-21,Bairro,Ana,Calça,Roupas,2,129.9,0.0,Cartão
1026,2025-12-28,Centro,Ana,Tênis,Calçados,5,249.9,0.0,Cartão
1027,2025-07-27,Bairro,Eduardo,Meia,Acessórios,4,19.9,0.2,Cartão
1028,2025-03-20,Centro,Bruno,Meia,Acessórios,1,19.9,0.0,Dinheiro
1029,2025-01-06,Shopping,Diego,Calça,Roupas,3,129.9,0.1,Cartão
1030,2025-07-29,centro ,Ana,Camiseta,Roupas,2,59.9,0.0,Cartão
1031,2025-05-01,centro ,Eduardo,Tênis,Calçados,3,249.9,0.0,Pix
1032,2025-08-09,centro ,Carla,Camiseta,Roupas,5,59.9,0.2,Cartão
1033,2025-04-14,Centro,Carla,Calça,Roupas,2,129.9,0.2,Cartão
1034,2025-11-14,Bairro,Ana,Calça,Roupas,3,129.9,0.0,Cartão
1035,2025-02-13,centro ,Diego,Meia,Acessórios,3,19.9,0.0,Cartão
1036,2025-02-14,centro ,Carla,Tênis,Calçados,3,249.9,0.1,Pix
1037,2025-06-09,Shopping,Carla,Meia,Acessórios,3,19.9,0.1,Pix
1038,2025-05-25,centro ,Diego,Calça,Roupas,3,129.9,0.1,Dinheiro
1039,2025-11-16,Bairro,Bruno,Calça,Roupas,3,129.9,0.0,Dinheiro
1040,2025-08-25,Shopping,Ana,Camiseta,Roupas,5,59.9,0.0,Pix
1041,2025-01-25,Bairro,Bruno,Meia,Acessórios,1,19.9,0.0,Dinheiro
1042,2025-11-25,centro ,Carla,Calça,Roupas,4,129.9,0.1,Pix
1043,2025-08-17,Bairro,Ana,Boné,Acessórios,3,49.9,0.15,Dinheiro
1044,2025-01-31,Shopping,Ana,Boné,Acessórios,4,49.9,0.0,Dinheiro
1045,2025-01-16,Bairro,Eduardo,Boné,Acessórios,5,49.9,0.1,Dinheiro
1046,2025-10-24,Shopping,Carla,Boné,Acessórios,5,49.9,0.15,Cartão
1047,2025-11-22,Bairro,Eduardo,Camiseta,Roupas,2,59.9,0.0,Dinheiro
1048,2025-04-23,Centro,Eduardo,Meia,Acessórios,1,19.9,0.0,Pix
1049,2025-04-25,Shopping,Bruno,Camiseta,Roupas,3,59.9,0.05,Pix
1050,2025-12-06,Centro,Diego,Camiseta,Roupas,1,59.9,0.05,Cartão
1051,2025-04-03,centro ,Eduardo,Tênis,Calçados,1,249.9,0.05,Cartão
1052,2025-12-08,Centro,Diego,Boné,Acessórios,4,49.9,0.0,Pix
1053,2025-03-30,Shopping,Diego,Boné,Acessórios,4,49.9,0.05,Pix
1054,2025-08-26,centro ,Diego,Boné,Acessórios,3,49.9,0.2,Pix
1055,2025-03-20,Shopping,Diego,Tênis,Calçados,1,249.9,0.15,Dinheiro
1056,2025-08-06,Centro,Carla,Boné,Acessórios,3,49.9,0.0,Dinheiro
1057,2025-04-04,Bairro,Diego,Tênis,Calçados,5,249.9,0.15,Dinheiro
1058,2025-12-07,Centro,Diego,Camiseta,Roupas,1,59.9,0.0,Pix
1059,2025-12-29,centro ,Diego,Calça,Roupas,3,129.9,0.0,Dinheiro
1060,2025-08-25,Centro,Ana,Tênis,Calçados,1,249.9,0.1,Pix
1061,2025-02-20,centro ,Eduardo,Boné,Acessórios,3,49.9,0.0,Cartão
1062,2025-02-05,Shopping,Diego,Camiseta,Roupas,4,59.9,0.1,Cartão
1063,2025-05-19,centro ,Diego,Calça,Roupas,5,129.9,0.05,Cartão
1064,2025-06-01,Centro,Eduardo,Camiseta,Roupas,4,59.9,0.05,Cartão
1065,2025-07-17,Bairro,Carla,Tênis,Calçados,4,249.9,0.05,Cartão
1066,2025-03-12,Bairro,Bruno,Camiseta,Roupas,1,59.9,0.15,Cartão
1067,2025-06-03,Bairro,Bruno,Meia,Acessórios,1,19.9,0.0,Cartão
1068,2025-08-01,centro ,Eduardo,Camiseta,Roupas,4,59.9,0.1,Dinheiro
1069,2025-03-23,Centro,Ana,Meia,Acessórios,4,19.9,0.1,Pix
1070,2025-12-17,Bairro,Eduardo,Tênis,Calçados,5,249.9,0.0,Cartão
1071,2025-08-26,Centro,Ana,Calça,Roupas,3,129.9,0.0,Dinheiro
1072,2025-07-05,Shopping,Bruno,Boné,Acessórios,3,49.9,0.05,Dinheiro
1073,2025-07-23,Bairro,Bruno,Meia,Acessórios,2,19.9,0.1,Cartão
1074,2025-09-10,Shopping,Bruno,Tênis,Calçados,4,249.9,0.0,Dinheiro
1075,2025-04-20,Centro,Ana,Camiseta,Roupas,5,59.9,0.0,Dinheiro
1076,2025-02-14,centro ,Ana,Meia,Acessórios,2,19.9,0.0,Cartão
1077,2025-05-14,Bairro,Eduardo,Tênis,Calçados,3,249.9,0.0,Pix
1078,2025-05-05,Centro,Bruno,Tênis,Calçados,5,249.9,0.1,Pix
1079,2025-08-27,centro ,Diego,Camiseta,Roupas,1,59.9,0.15,Cartão
1080,2025-03-18,Centro,Eduardo,Meia,Acessórios,3,19.9,0.05,Cartão
1081,2025-07-20,centro ,Carla,Camiseta,Roupas,5,59.9,0.1,Cartão
1082,2025-07-07,Bairro,Carla,Camiseta,Roupas,1,59.9,0.15,Cartão
1083,2025-02-25,Bairro,Diego,Camiseta,Roupas,1,59.9,0.05,Cartão
1084,2025-03-01,Centro,Ana,Calça,Roupas,4,129.9,0.2,Cartão
1085,2025-06-18,Shopping,Eduardo,Boné,Acessórios,4,49.9,0.0,Pix
1086,2025-03-26,centro ,Diego,Calça,Roupas,4,129.9,0.0,Dinheiro
1087,2025-05-07,Shopping,Bruno,Calça,Roupas,2,129.9,0.0,Pix
1088,2025-07-07,Centro,Diego,Boné,Acessórios,1,49.9,0.05,Cartão
1089,2025-02-02,Shopping,Eduardo,Meia,Acessórios,4,19.9,0.15,Pix
1090,2025-03-21,Bairro,Ana,Boné,Acessórios,5,49.9,0.0,Dinheiro
1091,2025-05-19,centro ,Bruno,Camiseta,Roupas,5,59.9,0.05,Dinheiro
1092,2025-01-10,centro ,Eduardo,Camiseta,Roupas,2,59.9,0.1,Pix
1093,2025-02-17,Centro,Bruno,Camiseta,Roupas,4,59.9,0.05,Cartão
1094,2025-09-22,Shopping,Diego,Calça,Roupas,3,129.9,0.15,Cartão
1095,2025-07-13,centro ,Bruno,Calça,Roupas,1,129.9,0.1,Pix
1096,2025-02-22,centro ,Bruno,Calça,Roupas,2,129.9,0.0,Dinheiro
1097,2025-10-26,centro ,Diego,Tênis,Calçados,1,249.9,0.05,Cartão
1098,2025-07-20,Shopping,Carla,Calça,Roupas,4,129.9,0.1,Pix
1099,2025-07-15,Shopping,Ana,Boné,Acessórios,3,49.9,0.0,Pix
1100,2025-06-02,centro ,Carla,Boné,Acessórios,2,49.9,0.05,Cartão
1101,2025-01-26,Shopping,Ana,Camiseta,Roupas,5,59.9,0.2,Pix
1102,2025-03-14,centro ,Eduardo,Calça,Roupas,5,129.9,0.0,Dinheiro
1103,2025-11-11,Centro,Bruno,Boné,Acessórios,2,49.9,0.0,Pix
1104,2025-11-26,Bairro,Diego,Camiseta,Roupas,2,59.9,0.0,Dinheiro
1105,2025-02-14,Centro,Carla,Tênis,Calçados,5,249.9,0.15,Pix
1106,2025-01-20,Bairro,Bruno,Tênis,Calçados,2,249.9,0.0,Cartão
1107,2025-10-08,Bairro,Eduardo,Calça,Roupas,4,129.9,0.0,Dinheiro
1108,2025-12-08,Centro,Diego,Tênis,Calçados,3,249.9,0.0,Pix
1109,2025-05-19,centro ,Carla,Boné,Acessórios,3,49.9,0.0,Dinheiro
1110,2025-02-16,Shopping,Diego,Meia,Acessórios,3,19.9,0.05,Pix
1111,2025-11-20,Bairro,Eduardo,Meia,Acessórios,4,19.9,0.05,Pix
1112,2025-04-12,Shopping,Eduardo,Boné,Acessórios,2,49.9,0.1,Dinheiro
1113,2025-03-18,Shopping,Diego,Tênis,Calçados,2,249.9,0.0,Cartão
1114,2025-08-13,Shopping,Eduardo,Boné,Acessórios,1,49.9,0.1,Pix
1115,2025-10-30,centro ,Bruno,Boné,Acessórios,3,49.9,0.1,Dinheiro
1116,2025-01-16,Shopping,Carla,Boné,Acessórios,3,49.9,0.1,Pix
1117,2025-10-13,Bairro,Diego,Tênis,Calçados,4,249.9,0.0,Cartão
1118,2025-07-18,Bairro,Diego,Camiseta,Roupas,1,59.9,0.15,Cartão
1119,2025-08-11,Shopping,Ana,Meia,Acessórios,1,19.9,0.0,Dinheiro
1120,2025-02-02,centro ,Ana,Calça,Roupas,2,129.9,0.05,Pix
1121,2025-12-11,centro ,Eduardo,Boné,Acessórios,1,49.9,0.0,Cartão
1122,2025-09-27,centro ,Bruno,Tênis,Calçados,2,249.9,0.0,Dinheiro
1123,2025-04-21,Centro,Carla,Calça,Roupas,3,129.9,0.0,Pix
1124,2025-02-26,centro ,Eduardo,Boné,Acessórios,5,49.9,0.1,Dinheiro
1125,2025-05-11,Centro,Bruno,Meia,Acessórios,2,19.9,0.05,Cartão
1126,2025-01-09,Centro,Diego,Tênis,Calçados,4,249.9,0.15,Pix
1127,2025-07-10,Bairro,Ana,Meia,Acessórios,5,19.9,0.1,Dinheiro
1128,2025-07-15,Centro,Diego,Tênis,Calçados,1,249.9,0.1,Cartão
1129,2025-12-31,centro ,Carla,Meia,Acessórios,2,19.9,0.05,Cartão
1130,2025-03-04,centro ,Ana,Meia,Acessórios,1,19.9,0.0,Dinheiro
1131,2025-07-09,Bairro,Ana,Camiseta,Roupas,1,59.9,0.0,Cartão
1132,2025-11-24,Centro,Eduardo,Camiseta,Roupas,3,59.9,0.0,Dinheiro
1133,2025-05-24,Centro,Bruno,Camiseta,Roupas,1,59.9,0.0,Cartão
1134,2025-07-26,Shopping,Diego,Calça,Roupas,5,129.9,0.0,Dinheiro
1135,2025-10-10,Shopping,Carla,Tênis,Calçados,4,249.9,0.0,Dinheiro
1136,2025-12-28,Centro,Ana,Meia,Acessórios,1,19.9,0.2,Pix
1137,2025-08-03,centro ,Diego,Calça,Roupas,4,129.9,0.1,Cartão
1138,2025-08-25,centro ,Carla,Meia,Acessórios,2,19.9,0.0,Pix
1139,2025-02-21,centro ,Diego,Tênis,Calçados,4,249.9,0.0,Cartão
1140,2025-07-29,Bairro,Ana,Boné,Acessórios,4,49.9,0.1,Pix
1141,2025-02-23,centro ,Bruno,Meia,Acessórios,2,19.9,0.2,Pix
1142,2025-04-29,Bairro,Bruno,Meia,Acessórios,5,19.9,0.1,Pix
1143,2025-08-19,Shopping,Eduardo,Meia,Acessórios,5,19.9,0.1,Pix
1144,2025-08-06,Shopping,Ana,Meia,Acessórios,1,19.9,0.1,Pix
1145,2025-11-23,Shopping,Bruno,Calça,Roupas,2,129.9,0.15,Dinheiro
1146,2025-10-14,Bairro,Ana,Camiseta,Roupas,3,59.9,0.0,Dinheiro
1147,2025-12-17,centro ,Bruno,Camiseta,Roupas,3,59.9,0.0,Dinheiro
1148,2025-10-15,centro ,Carla,Boné,Acessórios,5,49.9,0.0,Cartão
1149,2025-03-19,Bairro,Carla,Calça,Roupas,4,129.9,0.0,Pix
1150,2025-01-26,Shopping,Diego,Boné,Acessórios,3,49.9,0.1,Pix
1151,2025-07-06,Shopping,Diego,Tênis,Calçados,5,249.9,0.05,Pix
1152,2025-10-02,Centro,Carla,Tênis,Calçados,2,249.9,0.15,Pix
1153,2025-03-23,centro ,Diego,Meia,Acessórios,1,19.9,0.05,Pix
1154,2025-07-15,Shopping,Ana,Boné,Acessórios,2,49.9,0.0,Pix
1155,2025-10-09,centro ,Carla,Camiseta,Roupas,2,59.9,0.05,Cartão
1156,2025-12-25,Bairro,Diego,Camiseta,Roupas,3,59.9,0.0,Dinheiro
1157,2025-12-25,Shopping,Ana,Calça,Roupas,5,129.9,0.1,Dinheiro
1158,2025-09-07,Bairro,Bruno,Tênis,Calçados,5,249.9,0.0,Cartão
1159,2025-07-22,Centro,Ana,Camiseta,Roupas,3,59.9,0.05,Dinheiro
1160,2025-01-13,Bairro,Diego,Camiseta,Roupas,4,59.9,0.2,Pix
1161,2025-04-23,Shopping,Bruno,Camiseta,Roupas,1,59.9,0.05,Pix
1162,2025-07-06,Bairro,Diego,Meia,Acessórios,3,19.9,0.0,Cartão
1163,2025-01-02,centro ,Diego,Calça,Roupas,3,129.9,0.1,Pix
1164,2025-07-26,Shopping,Ana,Tênis,Calçados,5,249.9,0.0,Pix
1165,2025-03-15,Bairro,Ana,Camiseta,Roupas,2,59.9,0.1,Pix
1166,2025-03-11,Centro,Eduardo,Boné,Acessórios,5,49.9,0.1,Dinheiro
1167,2025-05-08,Bairro,Bruno,Tênis,Calçados,4,249.9,0.0,Cartão
1168,2025-12-03,Shopping,Eduardo,Calça,Roupas,1,129.9,0.0,Pix
1169,2025-02-28,centro ,Ana,Camiseta,Roupas,1,59.9,0.05,Cartão
1170,2025-11-24,Centro,Ana,Camiseta,Roupas,1,59.9,0.05,Pix
1171,2025-08-22,Bairro,Ana,Camiseta,Roupas,3,59.9,0.05,Pix
1172,2025-05-25,centro ,Diego,Calça,Roupas,1,129.9,0.05,Cartão
1173,2025-02-19,centro ,Ana,Tênis,Calçados,2,249.9,0.1,Dinheiro
1174,2025-09-04,centro ,Eduardo,,Roupas,2,59.9,0.0,Pix
1175,2025-03-30,centro ,Eduardo,Camiseta,Roupas,3,59.9,0.0,Dinheiro
1176,2025-01-31,Bairro,Diego,Calça,Roupas,1,129.9,0.05,Dinheiro
1177,2025-11-13,Shopping,Eduardo,Boné,Acessórios,4,49.9,0.0,Dinheiro
1178,2025-06-08,Bairro,Diego,Meia,Acessórios,1,19.9,0.05,Pix
1179,2025-12-27,Shopping,Eduardo,Tênis,Calçados,3,249.9,0.0,Dinheiro
1180,2025-02-04,centro ,Eduardo,Boné,Acessórios,4,49.9,0.05,Dinheiro
1181,2025-06-03,Shopping,Bruno,Calça,Roupas,4,129.9,0.0,Pix
1182,2025-11-18,Centro,Eduardo,Meia,Acessórios,5,19.9,0.05,Dinheiro
1183,2025-01-02,Shopping,Diego,Boné,Acessórios,2,49.9,0.0,Pix
1184,2025-07-14,Shopping,Diego,Camiseta,Roupas,1,59.9,0.0,Dinheiro
1185,2025-12-08,Shopping,Eduardo,Boné,Acessórios,2,49.9,0.05,Cartão
1186,2025-03-21,Bairro,Ana,Tênis,Calçados,5,249.9,0.0,Cartão
1187,2025-10-02,Centro,Carla,Meia,Acessórios,3,19.9,0.1,Pix
1188,2025-04-05,centro ,Eduardo,Camiseta,Roupas,3,59.9,0.0,Dinheiro
1189,2025-02-26,Centro,Bruno,Calça,Roupas,5,129.9,0.0,Pix
1190,2025-02-21,Shopping,Carla,Boné,Acessórios,5,49.9,0.0,Pix
1191,2025-11-16,centro ,Eduardo,Meia,Acessórios,4,19.9,0.0,Pix
1192,2025-09-17,Bairro,Ana,Meia,Acessórios,2,19.9,0.0,Dinheiro
1193,2025-10-01,Centro,Carla,Calça,Roupas,2,129.9,0.05,Dinheiro
1194,2025-05-11,Bairro,Eduardo,Tênis,Calçados,1,249.9,0.0,Pix
1195,2025-12-12,centro ,Ana,Meia,Acessórios,3,19.9,0.0,Pix
1196,2025-08-21,Bairro,Diego,Tênis,Calçados,3,249.9,0.1,Dinheiro
1197,2025-05-02,Bairro,Carla,Boné,Acessórios,4,49.9,0.15,Dinheiro
1198,2025-05-27,Shopping,Ana,Camiseta,Roupas,1,59.9,0.2,Pix
1199,2025-05-24,Centro,Eduardo,Tênis,Calçados,4,249.9,0.0,Dinheiro
1200,2025-06-10,Centro,Eduardo,Tênis,Calçados,1,249.9,0.05,Cartão
